"country","iso3c","genus_cat","Exports","Imports","Reexports","perc_imp_reexport","perc_exports_reexport"
"Uganda","UGA","Pelagic Fish",24,703,520,73.9687055476529,2166.66666666667
"Jamaica","JAM","Pelagic Fish",8,13502,109,0.80728780921345,1362.5
"Jamaica","JAM","Marine Fish; Other",28,16516,326,1.9738435456527,1164.28571428571
"Zambia","ZMB","Freshwater Fish",40,15013,306,2.03823353093985,765
"Fiji","FJI","Marine Fish; Other",231,528,1098,207.954545454545,475.324675324675
"United Arab Emirates","ARE","Demersal Fish",284,19369,990,5.11126026124219,348.591549295775
"United Arab Emirates","ARE","Moluscs; Other",33,2120,104,4.90566037735849,315.151515151515
"United Arab Emirates","ARE","Freshwater Fish",351,55574,1088,1.95775002699104,309.97150997151
"Jamaica","JAM","Freshwater Fish",3,1502,9,0.599201065246338,300
"United Arab Emirates","ARE","Pelagic Fish",4157,89972,10844,12.0526385986751,260.861197979312
"Fiji","FJI","Demersal Fish",128,48,236,491.666666666667,184.375
"China, Macao SAR","MAC","Marine Fish; Other",11,6784,18,0.265330188679245,163.636363636364
"Canada","CAN","Cephalopods",78,15338,106,0.691094014865041,135.897435897436
"Fiji","FJI","Pelagic Fish",31769,43252,41008,94.8118006103764,129.081809310964
"Namibia","NAM","Freshwater Fish",3433,5027,4331,86.1547642729262,126.157879405768
"Barbados","BRB","Demersal Fish",7,135,7,5.18518518518519,100
"Rwanda","RWA","Cephalopods",49.98,50.8,49.98,98.3858267716535,100
"Saint Kitts and Nevis","KNA","Marine Fish; Other",5,930,5,0.537634408602151,100
"Rwanda","RWA","Freshwater Fish",259.73,4120.3,257.73,6.2551270538553,99.2299695837985
"Rwanda","RWA","Pelagic Fish",608.03,7007.51,581.03,8.29153294108749,95.5594296334063
"Fiji","FJI","Crustaceans",6,325,5,1.53846153846154,83.3333333333333
"Saint Kitts and Nevis","KNA","Crustaceans",30,112,16,14.2857142857143,53.3333333333333
"Jamaica","JAM","Aquatic Animals; Others",2,152,1,0.657894736842105,50
"United Arab Emirates","ARE","Marine Fish; Other",19735,38745,9807,25.3116531165312,49.6934380542184
"Zambia","ZMB","Pelagic Fish",66,105805,32,0.0302443173763055,48.4848484848485
"United Arab Emirates","ARE","Cephalopods",1174,7746,488,6.30002581977795,41.5672913117547
"Togo","TGO","Marine Fish; Other",20,9137,8,0.0875560906205538,40
"Oman","OMN","Crustaceans",295,2517,105,4.17163289630513,35.5932203389831
"Georgia","GEO","Demersal Fish",71,1948,25,1.28336755646817,35.2112676056338
"Madagascar","MDG","Pelagic Fish",8467,13978,1953,13.9719559307483,23.0660210227944
"Fiji","FJI","Moluscs; Other",36,120,8,6.66666666666667,22.2222222222222
"Uganda","UGA","Marine Fish; Other",1128,3900,241,6.17948717948718,21.3652482269504
"Georgia","GEO","Freshwater Fish",247,3745,52,1.38851802403204,21.0526315789474
"Oman","OMN","Marine Fish; Other",21357,16857,3416,20.2645785133772,15.9947558177647
"Madagascar","MDG","Marine Fish; Other",1554,191,108,56.544502617801,6.94980694980695
"Oman","OMN","Freshwater Fish",2417,4481,143,3.19125195268913,5.91642532064543
"Jamaica","JAM","Crustaceans",323,1493,19,1.27260549229739,5.88235294117647
"Zambia","ZMB","Demersal Fish",170,271,10,3.690036900369,5.88235294117647
"United Arab Emirates","ARE","Crustaceans",11647,49067,629,1.28192063912609,5.40053232592084
"Antigua and Barbuda","ATG","Marine Fish; Other",42,1341,2,0.149142431021626,4.76190476190476
"Canada","CAN","Freshwater Fish",132682,123236,5134,4.1659904573339,3.86940202891123
"Namibia","NAM","Crustaceans",2621,572,83,14.5104895104895,3.16673025562762
"Canada","CAN","Marine Fish; Other",57593,135463,1733,1.27931612322184,3.00904623825812
"Oman","OMN","Demersal Fish",1431,2995,38,1.26878130217028,2.6554856743536
"Fiji","FJI","Freshwater Fish",113,175,3,1.71428571428571,2.65486725663717
"Namibia","NAM","Cephalopods",2981,3110,61,1.96141479099678,2.04629319020463
"Canada","CAN","Demersal Fish",118590,106714,2285,2.14123732593662,1.92680664474239
"Namibia","NAM","Moluscs; Other",281,191,5,2.61780104712042,1.77935943060498
"Canada","CAN","Moluscs; Other",37850,14861,665,4.47479981158738,1.75693527080581
"New Zealand","NZL","Crustaceans",3657,5541,62,1.11893160079408,1.69537872573147
"Canada","CAN","Aquatic Animals; Others",7818,6156,127,2.06302794022092,1.62445638270657
"Kenya","KEN","Marine Fish; Other",3382,12622,52,0.411979084138805,1.53755174452986
"Barbados","BRB","Pelagic Fish",69,3472,1,0.0288018433179724,1.44927536231884
"Canada","CAN","Pelagic Fish",78788,98844,1124,1.13714540083364,1.42661318982586
"Sri Lanka","LKA","Pelagic Fish",14802,85554,194,0.226757369614512,1.3106336981489
"Rwanda","RWA","Marine Fish; Other",594.37,12714.78,7.35,0.057806741445782,1.23660346248969
"Sri Lanka","LKA","Cephalopods",2639,1011,25,2.47279920870425,0.94732853353543
"Oman","OMN","Pelagic Fish",86508,6254,779,12.4560281419891,0.900494751930457
"Sierra Leone","SLE","Crustaceans",1226,19,10,52.6315789473684,0.815660685154976
"Georgia","GEO","Pelagic Fish",9292,11663,74,0.634485123896082,0.796383986224709
"Kenya","KEN","Pelagic Fish",132,11874,1,0.00842176183257537,0.757575757575758
"Canada","CAN","Crustaceans",219291,113928,1330,1.16740397444,0.606500038761281
"New Zealand","NZL","Freshwater Fish",6400,2666,29,1.08777194298575,0.453125
"New Zealand","NZL","Cephalopods",16757,2370,37,1.56118143459916,0.220803246404488
"New Zealand","NZL","Moluscs; Other",39803,1129,55,4.87156775907883,0.13818053915534
"Namibia","NAM","Pelagic Fish",340730,11453,412,3.59731074827556,0.12091685498782
"New Zealand","NZL","Pelagic Fish",80798,8694,45,0.5175983436853,0.0556944478823733
"New Zealand","NZL","Demersal Fish",170968,5708,87,1.52417659425368,0.0508867156426934
"New Zealand","NZL","Marine Fish; Other",19136,9528,9,0.0944584382871537,0.0470317725752508
"Namibia","NAM","Marine Fish; Other",34890,3340,15,0.449101796407186,0.0429922613929493
"Georgia","GEO","Marine Fish; Other",4567,5421,1,0.0184467810367091,0.0218962119553317
"Namibia","NAM","Demersal Fish",146189,3909,12,0.306983883346124,0.00820855194303265
"Albania","ALB","Aquatic Animals; Others",31,3,0,0,0
"Albania","ALB","Cephalopods",879,1746,0,0,0
"Albania","ALB","Crustaceans",2060,5573,0,0,0
"Albania","ALB","Demersal Fish",1011,1265,0,0,0
"Albania","ALB","Freshwater Fish",1000,216,0,0,0
"Albania","ALB","Marine Fish; Other",2268,1178,0,0,0
"Albania","ALB","Moluscs; Other",37,49,0,0,0
"Albania","ALB","Pelagic Fish",5571,10037,0,0,0
"Algeria","DZA","Cephalopods",308,1111,0,0,0
"Algeria","DZA","Crustaceans",171,1547,0,0,0
"Algeria","DZA","Demersal Fish",10,7022,0,0,0
"Algeria","DZA","Freshwater Fish",83,4651,0,0,0
"Algeria","DZA","Marine Fish; Other",74,16815,0,0,0
"Algeria","DZA","Moluscs; Other",6,2,0,0,0
"Algeria","DZA","Pelagic Fish",1147,22461,0,0,0
"Andorra","AND","Freshwater Fish",2,258,0,0,0
"Andorra","AND","Moluscs; Other",1,247,0,0,0
"Angola","AGO","Cephalopods",241,215,0,0,0
"Angola","AGO","Crustaceans",3854,540,0,0,0
"Angola","AGO","Demersal Fish",2974,3426,0,0,0
"Angola","AGO","Marine Fish; Other",11264,25042,0,0,0
"Angola","AGO","Pelagic Fish",27273,79184,0,0,0
"Antigua and Barbuda","ATG","Crustaceans",27,202,0,0,0
"Antigua and Barbuda","ATG","Moluscs; Other",1,58,0,0,0
"Argentina","ARG","Aquatic Animals; Others",10,24,0,0,0
"Argentina","ARG","Cephalopods",76764,1233,0,0,0
"Argentina","ARG","Crustaceans",184620,858,0,0,0
"Argentina","ARG","Demersal Fish",215561,325,0,0,0
"Argentina","ARG","Freshwater Fish",21484,10578,0,0,0
"Argentina","ARG","Marine Fish; Other",20477,2082,0,0,0
"Argentina","ARG","Moluscs; Other",5444,3293,0,0,0
"Argentina","ARG","Pelagic Fish",21247,32972,0,0,0
"Armenia","ARM","Crustaceans",323,44,0,0,0
"Armenia","ARM","Demersal Fish",6,622,0,0,0
"Armenia","ARM","Freshwater Fish",2085,308,0,0,0
"Armenia","ARM","Marine Fish; Other",1480,726,0,0,0
"Armenia","ARM","Pelagic Fish",13,2636,0,0,0
"Aruba","ABW","Aquatic Animals; Others",14,59,0,0,0
"Aruba","ABW","Freshwater Fish",34,1797,0,0,0
"Aruba","ABW","Marine Fish; Other",36,530,0,0,0
"Australia","AUS","Aquatic Animals; Others",1245,1007,0,0,0
"Australia","AUS","Cephalopods",205,21749,0,0,0
"Australia","AUS","Crustaceans",15981,35726,0,0,0
"Australia","AUS","Demersal Fish",1088,14132,0,0,0
"Australia","AUS","Freshwater Fish",13931,37266,0,0,0
"Australia","AUS","Marine Fish; Other",7875,127813,0,0,0
"Australia","AUS","Moluscs; Other",3290,9559,0,0,0
"Australia","AUS","Pelagic Fish",13259,86253,0,0,0
"Austria","AUT","Aquatic Animals; Others",12,1523,0,0,0
"Austria","AUT","Cephalopods",256,1863,0,0,0
"Austria","AUT","Crustaceans",666,6416,0,0,0
"Austria","AUT","Demersal Fish",2963,26347,0,0,0
"Austria","AUT","Freshwater Fish",4909,28952,0,0,0
"Austria","AUT","Marine Fish; Other",4935,9415,0,0,0
"Austria","AUT","Moluscs; Other",75,1403,0,0,0
"Austria","AUT","Pelagic Fish",1620,26569,0,0,0
"Azerbaijan","AZE","Pelagic Fish",188,13026,0,0,0
"Bahamas","BHS","Aquatic Animals; Others",46,14,0,0,0
"Bahamas","BHS","Cephalopods",18,73,0,0,0
"Bahamas","BHS","Crustaceans",2882,293,0,0,0
"Bahamas","BHS","Marine Fish; Other",10,578,0,0,0
"Bahamas","BHS","Moluscs; Other",486,14,0,0,0
"Bahamas","BHS","Pelagic Fish",105,1785,0,0,0
"Bahrain","BHR","Cephalopods",909,265,0,0,0
"Bahrain","BHR","Crustaceans",10178,1859,0,0,0
"Bahrain","BHR","Demersal Fish",264,2524,0,0,0
"Bahrain","BHR","Freshwater Fish",258,4686,0,0,0
"Bahrain","BHR","Marine Fish; Other",1161,8665,0,0,0
"Bahrain","BHR","Moluscs; Other",324,121,0,0,0
"Bahrain","BHR","Pelagic Fish",308,2204,0,0,0
"Bangladesh","BGD","Aquatic Animals; Others",285,434,0,0,0
"Bangladesh","BGD","Cephalopods",720,26,0,0,0
"Bangladesh","BGD","Crustaceans",40887,1476,0,0,0
"Bangladesh","BGD","Demersal Fish",1031,1894,0,0,0
"Bangladesh","BGD","Freshwater Fish",9770,17853,0,0,0
"Bangladesh","BGD","Marine Fish; Other",8684,69293,0,0,0
"Bangladesh","BGD","Pelagic Fish",259,33451,0,0,0
"Barbados","BRB","Crustaceans",1,261,0,0,0
"Barbados","BRB","Marine Fish; Other",162,3980,0,0,0
"Belarus","BLR","Aquatic Animals; Others",40,103,0,0,0
"Belarus","BLR","Cephalopods",757,1715,0,0,0
"Belarus","BLR","Crustaceans",3921,2772,0,0,0
"Belarus","BLR","Demersal Fish",15083,33993,0,0,0
"Belarus","BLR","Freshwater Fish",9405,19150,0,0,0
"Belarus","BLR","Marine Fish; Other",32970,32415,0,0,0
"Belarus","BLR","Moluscs; Other",460,705,0,0,0
"Belarus","BLR","Pelagic Fish",23343,110314,0,0,0
"Belgium","BEL","Aquatic Animals; Others",1576,5384,0,0,0
"Belgium","BEL","Cephalopods",8456,8986,0,0,0
"Belgium","BEL","Crustaceans",52724,63127,0,0,0
"Belgium","BEL","Demersal Fish",47081,94697,0,0,0
"Belgium","BEL","Freshwater Fish",39958,96883,0,0,0
"Belgium","BEL","Marine Fish; Other",27767,40648,0,0,0
"Belgium","BEL","Moluscs; Other",5203,31655,0,0,0
"Belgium","BEL","Pelagic Fish",19702,50139,0,0,0
"Belize","BLZ","Aquatic Animals; Others",93,NA,0,NA,0
"Belize","BLZ","Crustaceans",2213,7,0,0,0
"Belize","BLZ","Freshwater Fish",127,21,0,0,0
"Belize","BLZ","Marine Fish; Other",121,49,0,0,0
"Belize","BLZ","Moluscs; Other",680,18,0,0,0
"Belize","BLZ","Pelagic Fish",3,425,0,0,0
"Benin","BEN","Crustaceans",9,NA,0,NA,0
"Benin","BEN","Freshwater Fish",160,47997,0,0,0
"Benin","BEN","Marine Fish; Other",6,35619,0,0,0
"Benin","BEN","Moluscs; Other",1,1,0,0,0
"Benin","BEN","Pelagic Fish",1,3461,0,0,0
"Bermuda","BMU","Freshwater Fish",1,586,0,0,0
"Bosnia and Herzegovina","BIH","Aquatic Animals; Others",16,277,0,0,0
"Bosnia and Herzegovina","BIH","Cephalopods",83,725,0,0,0
"Bosnia and Herzegovina","BIH","Crustaceans",6,68,0,0,0
"Bosnia and Herzegovina","BIH","Demersal Fish",156,3404,0,0,0
"Bosnia and Herzegovina","BIH","Freshwater Fish",1600,1460,0,0,0
"Bosnia and Herzegovina","BIH","Marine Fish; Other",5,2251,0,0,0
"Bosnia and Herzegovina","BIH","Moluscs; Other",40,41,0,0,0
"Bosnia and Herzegovina","BIH","Pelagic Fish",147,4291,0,0,0
"Botswana","BWA","Crustaceans",1,54,0,0,0
"Botswana","BWA","Demersal Fish",130,411,0,0,0
"Botswana","BWA","Freshwater Fish",1,294,0,0,0
"Botswana","BWA","Marine Fish; Other",32,337,0,0,0
"Botswana","BWA","Moluscs; Other",89,4,0,0,0
"Botswana","BWA","Pelagic Fish",1,2638,0,0,0
"Brazil","BRA","Aquatic Animals; Others",2,108,0,0,0
"Brazil","BRA","Crustaceans",3219,268,0,0,0
"Brazil","BRA","Demersal Fish",12170,176323,0,0,0
"Brazil","BRA","Freshwater Fish",1636,184651,0,0,0
"Brazil","BRA","Marine Fish; Other",14760,34113,0,0,0
"Brazil","BRA","Pelagic Fish",21368,121151,0,0,0
"Brunei Darussalam","BRN","Aquatic Animals; Others",1,54,0,0,0
"Brunei Darussalam","BRN","Cephalopods",3,684,0,0,0
"Brunei Darussalam","BRN","Crustaceans",527,1503,0,0,0
"Brunei Darussalam","BRN","Demersal Fish",2,539,0,0,0
"Brunei Darussalam","BRN","Freshwater Fish",93,1522,0,0,0
"Brunei Darussalam","BRN","Marine Fish; Other",43,4917,0,0,0
"Brunei Darussalam","BRN","Moluscs; Other",23,302,0,0,0
"Brunei Darussalam","BRN","Pelagic Fish",605,1481,0,0,0
"Bulgaria","BGR","Aquatic Animals; Others",302,6409,0,0,0
"Bulgaria","BGR","Cephalopods",63,1165,0,0,0
"Bulgaria","BGR","Crustaceans",2531,4279,0,0,0
"Bulgaria","BGR","Demersal Fish",523,6046,0,0,0
"Bulgaria","BGR","Freshwater Fish",4292,4972,0,0,0
"Bulgaria","BGR","Marine Fish; Other",1784,5857,0,0,0
"Bulgaria","BGR","Moluscs; Other",5370,2158,0,0,0
"Bulgaria","BGR","Pelagic Fish",5116,20737,0,0,0
"Burkina Faso","BFA","Freshwater Fish",360,395,0,0,0
"Burkina Faso","BFA","Marine Fish; Other",4,20912,0,0,0
"Burkina Faso","BFA","Pelagic Fish",85,85851,0,0,0
"Burundi","BDI","Marine Fish; Other",1,2344,0,0,0
"C<f4>te d'Ivoire","CIV","Aquatic Animals; Others",1032,5,0,0,0
"C<f4>te d'Ivoire","CIV","Cephalopods",593,3,0,0,0
"C<f4>te d'Ivoire","CIV","Crustaceans",247,433,0,0,0
"C<f4>te d'Ivoire","CIV","Demersal Fish",93,13421,0,0,0
"C<f4>te d'Ivoire","CIV","Freshwater Fish",1054,47260,0,0,0
"C<f4>te d'Ivoire","CIV","Marine Fish; Other",2999,80057,0,0,0
"C<f4>te d'Ivoire","CIV","Moluscs; Other",469,24,0,0,0
"C<f4>te d'Ivoire","CIV","Pelagic Fish",28930,361330,0,0,0
"Cabo Verde","CPV","Cephalopods",292,209,0,0,0
"Cabo Verde","CPV","Crustaceans",2,180,0,0,0
"Cabo Verde","CPV","Freshwater Fish",1,188,0,0,0
"Cabo Verde","CPV","Marine Fish; Other",594,470,0,0,0
"Cabo Verde","CPV","Moluscs; Other",2,112,0,0,0
"Cabo Verde","CPV","Pelagic Fish",13923,109,0,0,0
"Cambodia","KHM","Cephalopods",2,35,0,0,0
"Cambodia","KHM","Crustaceans",42,115,0,0,0
"Cambodia","KHM","Demersal Fish",17,NA,0,NA,0
"Cambodia","KHM","Freshwater Fish",14101,3095,0,0,0
"Cambodia","KHM","Marine Fish; Other",22800,7095,0,0,0
"Cambodia","KHM","Pelagic Fish",45,8286,0,0,0
"Cameroon","CMR","Crustaceans",176,178,0,0,0
"Cameroon","CMR","Freshwater Fish",45,10232,0,0,0
"Cameroon","CMR","Marine Fish; Other",77,51218,0,0,0
"Cameroon","CMR","Pelagic Fish",3702,96919,0,0,0
"Central African Republic","CAF","Marine Fish; Other",81,600,0,0,0
"Chad","TCD","Marine Fish; Other",58,107,0,0,0
"Chile","CHL","Aquatic Animals; Others",2272,29,0,0,0
"Chile","CHL","Cephalopods",91581,871,0,0,0
"Chile","CHL","Crustaceans",9119,11156,0,0,0
"Chile","CHL","Demersal Fish",41084,2520,0,0,0
"Chile","CHL","Freshwater Fish",733014,12374,0,0,0
"Chile","CHL","Marine Fish; Other",64003,62871,0,0,0
"Chile","CHL","Moluscs; Other",88400,823,0,0,0
"Chile","CHL","Pelagic Fish",323417,80367,0,0,0
"China","CHN","Aquatic Animals; Others",23060,43058,0,0,0
"China","CHN","Cephalopods",558570,291004,0,0,0
"China","CHN","Crustaceans",313467,235115,0,0,0
"China","CHN","Demersal Fish",1262052,1286908,0,0,0
"China","CHN","Freshwater Fish",862094,314862,0,0,0
"China","CHN","Marine Fish; Other",1065148,351112,0,0,0
"China","CHN","Moluscs; Other",260495,79514,0,0,0
"China","CHN","Pelagic Fish",853563,2074147,0,0,0
"China, Hong Kong SAR","HKG","Aquatic Animals; Others",8434,10251,0,0,0
"China, Hong Kong SAR","HKG","Cephalopods",11210,26085,0,0,0
"China, Hong Kong SAR","HKG","Crustaceans",19192,74068,0,0,0
"China, Hong Kong SAR","HKG","Demersal Fish",23202,33384,0,0,0
"China, Hong Kong SAR","HKG","Freshwater Fish",3879,91810,0,0,0
"China, Hong Kong SAR","HKG","Marine Fish; Other",49297,118192,0,0,0
"China, Hong Kong SAR","HKG","Moluscs; Other",38875,39140,0,0,0
"China, Hong Kong SAR","HKG","Pelagic Fish",1136,10656,0,0,0
"China, Macao SAR","MAC","Moluscs; Other",2,3419,0,0,0
"Colombia","COL","Aquatic Animals; Others",7,56,0,0,0
"Colombia","COL","Cephalopods",12,4320,0,0,0
"Colombia","COL","Crustaceans",4432,7525,0,0,0
"Colombia","COL","Demersal Fish",1,2436,0,0,0
"Colombia","COL","Freshwater Fish",13011,56622,0,0,0
"Colombia","COL","Marine Fish; Other",2566,37506,0,0,0
"Colombia","COL","Pelagic Fish",22232,56267,0,0,0
"Comoros","COM","Crustaceans",2,NA,0,NA,0
"Congo","COG","Crustaceans",172,16,0,0,0
"Congo","COG","Demersal Fish",3660,4536,0,0,0
"Congo","COG","Marine Fish; Other",3769,13497,0,0,0
"Congo","COG","Pelagic Fish",8027.4,27585,0,0,0
"Congo, Dem. Rep. of the","COD","Crustaceans",0.5,27.34,0,0,0
"Congo, Dem. Rep. of the","COD","Demersal Fish",3.31,7716.01,0,0,0
"Congo, Dem. Rep. of the","COD","Freshwater Fish",11.09,5201.39,0,0,0
"Congo, Dem. Rep. of the","COD","Marine Fish; Other",33.06,10018.14,0,0,0
"Congo, Dem. Rep. of the","COD","Pelagic Fish",22.38,94859.89,0,0,0
"Cook Islands","COK","Demersal Fish",799,22,0,0,0
"Cook Islands","COK","Freshwater Fish",1238,5,0,0,0
"Cook Islands","COK","Marine Fish; Other",1200,20,0,0,0
"Cook Islands","COK","Pelagic Fish",774,133,0,0,0
"Costa Rica","CRI","Cephalopods",50,1782,0,0,0
"Costa Rica","CRI","Crustaceans",1343,2070,0,0,0
"Costa Rica","CRI","Demersal Fish",2572,640,0,0,0
"Costa Rica","CRI","Freshwater Fish",11035,24198,0,0,0
"Costa Rica","CRI","Marine Fish; Other",3411,10748,0,0,0
"Costa Rica","CRI","Pelagic Fish",9948,44383,0,0,0
"Croatia","HRV","Aquatic Animals; Others",98,123,0,0,0
"Croatia","HRV","Cephalopods",2210,9446,0,0,0
"Croatia","HRV","Crustaceans",398,1754,0,0,0
"Croatia","HRV","Demersal Fish",9901,9365,0,0,0
"Croatia","HRV","Freshwater Fish",2263,3332,0,0,0
"Croatia","HRV","Marine Fish; Other",5146,12819,0,0,0
"Croatia","HRV","Moluscs; Other",735,681,0,0,0
"Croatia","HRV","Pelagic Fish",35065,16562,0,0,0
"Cuba","CUB","Aquatic Animals; Others",153,1,0,0,0
"Cuba","CUB","Cephalopods",281,598,0,0,0
"Cuba","CUB","Crustaceans",7636,102,0,0,0
"Cuba","CUB","Demersal Fish",275,2401,0,0,0
"Cuba","CUB","Freshwater Fish",84.2,1105,0,0,0
"Cuba","CUB","Marine Fish; Other",474,1285,0,0,0
"Cuba","CUB","Moluscs; Other",14,373,0,0,0
"Cura<e7>ao","CUW","Marine Fish; Other",12,410,0,0,0
"Cura<e7>ao","CUW","Pelagic Fish",22063,370,0,0,0
"Cyprus","CYP","Cephalopods",35,3355,0,0,0
"Cyprus","CYP","Crustaceans",19,1440,0,0,0
"Cyprus","CYP","Demersal Fish",4959,2882,0,0,0
"Cyprus","CYP","Freshwater Fish",15,4569,0,0,0
"Cyprus","CYP","Marine Fish; Other",18,15572,0,0,0
"Cyprus","CYP","Moluscs; Other",4,796,0,0,0
"Cyprus","CYP","Pelagic Fish",272,4784,0,0,0
"Czechia","CZE","Aquatic Animals; Others",182,87,0,0,0
"Czechia","CZE","Cephalopods",107,596,0,0,0
"Czechia","CZE","Crustaceans",296,2265,0,0,0
"Czechia","CZE","Demersal Fish",4587,24017,0,0,0
"Czechia","CZE","Freshwater Fish",25468,24909,0,0,0
"Czechia","CZE","Marine Fish; Other",6998,12965,0,0,0
"Czechia","CZE","Moluscs; Other",85,471,0,0,0
"Czechia","CZE","Pelagic Fish",4890,36207,0,0,0
"Denmark","DNK","Aquatic Animals; Others",635,6068,0,0,0
"Denmark","DNK","Cephalopods",3157,2884,0,0,0
"Denmark","DNK","Crustaceans",94109,90439,0,0,0
"Denmark","DNK","Demersal Fish",284774,263839,0,0,0
"Denmark","DNK","Freshwater Fish",234064,230629,0,0,0
"Denmark","DNK","Marine Fish; Other",214116,620059,0,0,0
"Denmark","DNK","Moluscs; Other",28579,3145,0,0,0
"Denmark","DNK","Pelagic Fish",464809,240366,0,0,0
"Djibouti","DJI","Aquatic Animals; Others",1,NA,0,NA,0
"Djibouti","DJI","Marine Fish; Other",1,31,0,0,0
"Dominica","DMA","Freshwater Fish",2,115,0,0,0
"Dominican Republic","DOM","Cephalopods",1,1168,0,0,0
"Dominican Republic","DOM","Crustaceans",199,1530,0,0,0
"Dominican Republic","DOM","Demersal Fish",609,8093,0,0,0
"Dominican Republic","DOM","Freshwater Fish",197,6950,0,0,0
"Dominican Republic","DOM","Marine Fish; Other",57,3396,0,0,0
"Dominican Republic","DOM","Moluscs; Other",7,794,0,0,0
"Dominican Republic","DOM","Pelagic Fish",1472,19199,0,0,0
"Ecuador","ECU","Aquatic Animals; Others",836,35,0,0,0
"Ecuador","ECU","Cephalopods",3212,1208,0,0,0
"Ecuador","ECU","Crustaceans",450041,11312,0,0,0
"Ecuador","ECU","Demersal Fish",15841,2212,0,0,0
"Ecuador","ECU","Freshwater Fish",6297,991,0,0,0
"Ecuador","ECU","Marine Fish; Other",70414,43195,0,0,0
"Ecuador","ECU","Moluscs; Other",626,23,0,0,0
"Ecuador","ECU","Pelagic Fish",364641,51869,0,0,0
"Egypt","EGY","Aquatic Animals; Others",13,39,0,0,0
"Egypt","EGY","Cephalopods",707,4280,0,0,0
"Egypt","EGY","Crustaceans",3863,7547,0,0,0
"Egypt","EGY","Demersal Fish",17820,56329,0,0,0
"Egypt","EGY","Freshwater Fish",8922,5152,0,0,0
"Egypt","EGY","Marine Fish; Other",5031,34716,0,0,0
"Egypt","EGY","Moluscs; Other",256,95,0,0,0
"Egypt","EGY","Pelagic Fish",453,305336,0,0,0
"El Salvador","SLV","Cephalopods",15,402,0,0,0
"El Salvador","SLV","Crustaceans",2665,681,0,0,0
"El Salvador","SLV","Demersal Fish",509,351,0,0,0
"El Salvador","SLV","Freshwater Fish",49,959,0,0,0
"El Salvador","SLV","Marine Fish; Other",1622,79,0,0,0
"El Salvador","SLV","Moluscs; Other",12,39,0,0,0
"El Salvador","SLV","Pelagic Fish",26785,22059,0,0,0
"Equatorial Guinea","GNQ","Marine Fish; Other",20,1202,0,0,0
"Equatorial Guinea","GNQ","Pelagic Fish",1,3839,0,0,0
"Eritrea","ERI","Crustaceans",37,NA,0,NA,0
"Estonia","EST","Aquatic Animals; Others",3,12,0,0,0
"Estonia","EST","Cephalopods",251,315,0,0,0
"Estonia","EST","Crustaceans",4703,1878,0,0,0
"Estonia","EST","Demersal Fish",4513,7207,0,0,0
"Estonia","EST","Freshwater Fish",12500,15665,0,0,0
"Estonia","EST","Marine Fish; Other",13026,3828,0,0,0
"Estonia","EST","Moluscs; Other",58,209,0,0,0
"Estonia","EST","Pelagic Fish",72178,14431,0,0,0
"Eswatini","SWZ","Pelagic Fish",12,531,0,0,0
"Ethiopia","ETH","Marine Fish; Other",357,43,0,0,0
"Falkland Is.(Malvinas)","FLK","Cephalopods",56732,NA,0,NA,0
"Falkland Is.(Malvinas)","FLK","Demersal Fish",3070,15,0,0,0
"Falkland Is.(Malvinas)","FLK","Marine Fish; Other",1279,4,0,0,0
"Faroe Islands","FRO","Crustaceans",3653,46,0,0,0
"Faroe Islands","FRO","Demersal Fish",76531,11942,0,0,0
"Faroe Islands","FRO","Freshwater Fish",71375,52,0,0,0
"Faroe Islands","FRO","Marine Fish; Other",128118,5146,0,0,0
"Faroe Islands","FRO","Moluscs; Other",550,3,0,0,0
"Faroe Islands","FRO","Pelagic Fish",260744,17850,0,0,0
"Fiji","FJI","Aquatic Animals; Others",571,3,0,0,0
"Finland","FIN","Cephalopods",1,201,0,0,0
"Finland","FIN","Crustaceans",10,2703,0,0,0
"Finland","FIN","Demersal Fish",116,13293,0,0,0
"Finland","FIN","Freshwater Fish",20204,60830,0,0,0
"Finland","FIN","Marine Fish; Other",17013,28645,0,0,0
"Finland","FIN","Moluscs; Other",1,351,0,0,0
"Finland","FIN","Pelagic Fish",40204,21819,0,0,0
"France","FRA","Aquatic Animals; Others",644,5846,0,0,0
"France","FRA","Cephalopods",16973,41664,0,0,0
"France","FRA","Crustaceans",18665,141806,0,0,0
"France","FRA","Demersal Fish",60262,483646,0,0,0
"France","FRA","Freshwater Fish",37807,234439,0,0,0
"France","FRA","Marine Fish; Other",82847,148188,0,0,0
"France","FRA","Moluscs; Other",29056,90584,0,0,0
"France","FRA","Pelagic Fish",128901,264798,0,0,0
"French Polynesia","PYF","Aquatic Animals; Others",880,6,0,0,0
"French Polynesia","PYF","Demersal Fish",2,68,0,0,0
"French Polynesia","PYF","Freshwater Fish",30,162,0,0,0
"French Polynesia","PYF","Marine Fish; Other",265,164,0,0,0
"French Polynesia","PYF","Moluscs; Other",313,284,0,0,0
"French Polynesia","PYF","Pelagic Fish",942,1285,0,0,0
"Gabon","GAB","Crustaceans",88,44,0,0,0
"Gabon","GAB","Demersal Fish",10,5660,0,0,0
"Gabon","GAB","Marine Fish; Other",881,1541,0,0,0
"Gabon","GAB","Pelagic Fish",53,12104,0,0,0
"Gambia","GMB","Cephalopods",91,50,0,0,0
"Gambia","GMB","Crustaceans",149,6,0,0,0
"Gambia","GMB","Demersal Fish",335,82,0,0,0
"Gambia","GMB","Freshwater Fish",31,1,0,0,0
"Gambia","GMB","Marine Fish; Other",2928,1,0,0,0
"Gambia","GMB","Moluscs; Other",27,NA,0,NA,0
"Gambia","GMB","Pelagic Fish",1593,1937,0,0,0
"Georgia","GEO","Moluscs; Other",5,40,0,0,0
"Germany","DEU","Aquatic Animals; Others",508,12458,0,0,0
"Germany","DEU","Cephalopods",2681,20583,0,0,0
"Germany","DEU","Crustaceans",22357,63444,0,0,0
"Germany","DEU","Demersal Fish",466297,552911,0,0,0
"Germany","DEU","Freshwater Fish",102983,326371,0,0,0
"Germany","DEU","Marine Fish; Other",107222,152648,0,0,0
"Germany","DEU","Moluscs; Other",26083,16949,0,0,0
"Germany","DEU","Pelagic Fish",351540,349232,0,0,0
"Ghana","GHA","Cephalopods",6485,14,0,0,0
"Ghana","GHA","Crustaceans",193,65,0,0,0
"Ghana","GHA","Demersal Fish",5366,15092,0,0,0
"Ghana","GHA","Freshwater Fish",73,1801,0,0,0
"Ghana","GHA","Marine Fish; Other",1956,24155,0,0,0
"Ghana","GHA","Moluscs; Other",95,3,0,0,0
"Ghana","GHA","Pelagic Fish",55731,321656,0,0,0
"Greece","GRC","Aquatic Animals; Others",612,369,0,0,0
"Greece","GRC","Cephalopods",3440,28255,0,0,0
"Greece","GRC","Crustaceans",2706,8822,0,0,0
"Greece","GRC","Demersal Fish",95973,33362,0,0,0
"Greece","GRC","Freshwater Fish",7338,25369,0,0,0
"Greece","GRC","Marine Fish; Other",15003,49792,0,0,0
"Greece","GRC","Moluscs; Other",16612,4318,0,0,0
"Greece","GRC","Pelagic Fish",5837,81581,0,0,0
"Greenland","GRL","Crustaceans",55637,81,0,0,0
"Greenland","GRL","Demersal Fish",75936,38,0,0,0
"Greenland","GRL","Freshwater Fish",656,201,0,0,0
"Greenland","GRL","Marine Fish; Other",10846,219,0,0,0
"Greenland","GRL","Moluscs; Other",89,12,0,0,0
"Greenland","GRL","Pelagic Fish",90682,97,0,0,0
"Grenada","GRD","Cephalopods",0.82,12.39,0,0,0
"Grenada","GRD","Crustaceans",21.75,65.73,0,0,0
"Grenada","GRD","Demersal Fish",86.22,9.42,0,0,0
"Grenada","GRD","Marine Fish; Other",1.92,340.31,0,0,0
"Grenada","GRD","Moluscs; Other",13.53,16.82,0,0,0
"Grenada","GRD","Pelagic Fish",641.03,477.63,0,0,0
"Guatemala","GTM","Crustaceans",11332,7541,0,0,0
"Guatemala","GTM","Demersal Fish",33,42,0,0,0
"Guatemala","GTM","Freshwater Fish",516,1786,0,0,0
"Guatemala","GTM","Marine Fish; Other",168,2035,0,0,0
"Guatemala","GTM","Pelagic Fish",7184,27065,0,0,0
"Guinea","GIN","Crustaceans",3,NA,0,NA,0
"Guinea","GIN","Demersal Fish",758,400,0,0,0
"Guinea","GIN","Freshwater Fish",3898,544,0,0,0
"Guinea","GIN","Marine Fish; Other",527,29,0,0,0
"Guinea","GIN","Pelagic Fish",2539,1693,0,0,0
"Guinea-Bissau","GNB","Demersal Fish",386,12,0,0,0
"Guinea-Bissau","GNB","Marine Fish; Other",2795,23,0,0,0
"Guinea-Bissau","GNB","Pelagic Fish",3178,984,0,0,0
"Guyana","GUY","Crustaceans",10922,5,0,0,0
"Guyana","GUY","Demersal Fish",17,NA,0,NA,0
"Guyana","GUY","Freshwater Fish",124,27,0,0,0
"Guyana","GUY","Marine Fish; Other",16806,658,0,0,0
"Guyana","GUY","Moluscs; Other",3,2,0,0,0
"Guyana","GUY","Pelagic Fish",379,1458,0,0,0
"Haiti","HTI","Aquatic Animals; Others",113,1,0,0,0
"Haiti","HTI","Crustaceans",162,123,0,0,0
"Haiti","HTI","Freshwater Fish",11,573,0,0,0
"Haiti","HTI","Marine Fish; Other",3,3193,0,0,0
"Haiti","HTI","Moluscs; Other",65,1,0,0,0
"Honduras","HND","Aquatic Animals; Others",813,NA,0,NA,0
"Honduras","HND","Cephalopods",14,245,0,0,0
"Honduras","HND","Crustaceans",69778,885,0,0,0
"Honduras","HND","Demersal Fish",87,7,0,0,0
"Honduras","HND","Freshwater Fish",17043,3611,0,0,0
"Honduras","HND","Marine Fish; Other",604,1447,0,0,0
"Honduras","HND","Moluscs; Other",247,56,0,0,0
"Honduras","HND","Pelagic Fish",133,7999,0,0,0
"Hungary","HUN","Aquatic Animals; Others",29,94,0,0,0
"Hungary","HUN","Cephalopods",50,316,0,0,0
"Hungary","HUN","Crustaceans",55,831,0,0,0
"Hungary","HUN","Demersal Fish",741,11323,0,0,0
"Hungary","HUN","Freshwater Fish",5544,9779,0,0,0
"Hungary","HUN","Marine Fish; Other",124,4378,0,0,0
"Hungary","HUN","Moluscs; Other",18,486,0,0,0
"Hungary","HUN","Pelagic Fish",393,9791,0,0,0
"Iceland","ISL","Aquatic Animals; Others",1362,5,0,0,0
"Iceland","ISL","Cephalopods",357,1857,0,0,0
"Iceland","ISL","Crustaceans",8660,13894,0,0,0
"Iceland","ISL","Demersal Fish",328234,3460,0,0,0
"Iceland","ISL","Freshwater Fish",15789,308,0,0,0
"Iceland","ISL","Marine Fish; Other",98325,75855,0,0,0
"Iceland","ISL","Moluscs; Other",242,63,0,0,0
"Iceland","ISL","Pelagic Fish",295161,33957,0,0,0
"India","IND","Aquatic Animals; Others",522,86,0,0,0
"India","IND","Cephalopods",186418,523,0,0,0
"India","IND","Crustaceans",590103,2663,0,0,0
"India","IND","Demersal Fish",202456,1221,0,0,0
"India","IND","Freshwater Fish",25501,26060,0,0,0
"India","IND","Marine Fish; Other",143179,4983,0,0,0
"India","IND","Moluscs; Other",7096,2025,0,0,0
"India","IND","Pelagic Fish",257333,9111,0,0,0
"Indonesia","IDN","Aquatic Animals; Others",9252,239,0,0,0
"Indonesia","IDN","Cephalopods",120365,2911,0,0,0
"Indonesia","IDN","Crustaceans",215128,24766,0,0,0
"Indonesia","IDN","Demersal Fish",44440,1090,0,0,0
"Indonesia","IDN","Freshwater Fish",130883,8793,0,0,0
"Indonesia","IDN","Marine Fish; Other",139109,29545,0,0,0
"Indonesia","IDN","Moluscs; Other",13699,2719,0,0,0
"Indonesia","IDN","Pelagic Fish",261299,225355,0,0,0
"Iran (Islamic Rep. of)","IRN","Cephalopods",2275,NA,0,NA,0
"Iran (Islamic Rep. of)","IRN","Crustaceans",24946,7,0,0,0
"Iran (Islamic Rep. of)","IRN","Demersal Fish",29408,3946,0,0,0
"Iran (Islamic Rep. of)","IRN","Freshwater Fish",13167,29332,0,0,0
"Iran (Islamic Rep. of)","IRN","Marine Fish; Other",38928,413,0,0,0
"Iran (Islamic Rep. of)","IRN","Moluscs; Other",2780,NA,0,NA,0
"Iran (Islamic Rep. of)","IRN","Pelagic Fish",2710,36523,0,0,0
"Iraq","IRQ","Freshwater Fish",54,20512,0,0,0
"Iraq","IRQ","Marine Fish; Other",100,3788.22,0,0,0
"Ireland","IRL","Aquatic Animals; Others",65,497,0,0,0
"Ireland","IRL","Cephalopods",1788,466,0,0,0
"Ireland","IRL","Crustaceans",18532,7226,0,0,0
"Ireland","IRL","Demersal Fish",65833,26382,0,0,0
"Ireland","IRL","Freshwater Fish",14765,12630,0,0,0
"Ireland","IRL","Marine Fish; Other",7484,31628,0,0,0
"Ireland","IRL","Moluscs; Other",24766,1300,0,0,0
"Ireland","IRL","Pelagic Fish",130904,42907,0,0,0
"Israel","ISR","Crustaceans",7,2494,0,0,0
"Israel","ISR","Freshwater Fish",23,83247,0,0,0
"Israel","ISR","Marine Fish; Other",1281,7958,0,0,0
"Israel","ISR","Pelagic Fish",46,35667,0,0,0
"Italy","ITA","Aquatic Animals; Others",2803,6531,0,0,0
"Italy","ITA","Cephalopods",9730,207394,0,0,0
"Italy","ITA","Crustaceans",4289,96173,0,0,0
"Italy","ITA","Demersal Fish",12904,331039,0,0,0
"Italy","ITA","Freshwater Fish",14825,132544,0,0,0
"Italy","ITA","Marine Fish; Other",37835,109314,0,0,0
"Italy","ITA","Moluscs; Other",24684,84098,0,0,0
"Italy","ITA","Pelagic Fish",53979,313640,0,0,0
"Jamaica","JAM","Moluscs; Other",477,375,0,0,0
"Japan","JPN","Aquatic Animals; Others",35446,26363,0,0,0
"Japan","JPN","Cephalopods",5925,229577,0,0,0
"Japan","JPN","Crustaceans",3353,286653,0,0,0
"Japan","JPN","Demersal Fish",32793,352328,0,0,0
"Japan","JPN","Freshwater Fish",12793,426964,0,0,0
"Japan","JPN","Marine Fish; Other",73866,531795,0,0,0
"Japan","JPN","Moluscs; Other",54305,109799,0,0,0
"Japan","JPN","Pelagic Fish",385547,724391,0,0,0
"Kazakhstan","KAZ","Aquatic Animals; Others",1,63,0,0,0
"Kazakhstan","KAZ","Crustaceans",232,787,0,0,0
"Kazakhstan","KAZ","Demersal Fish",384,2869,0,0,0
"Kazakhstan","KAZ","Freshwater Fish",25765,9790,0,0,0
"Kazakhstan","KAZ","Marine Fish; Other",3924,7380,0,0,0
"Kazakhstan","KAZ","Moluscs; Other",475,194,0,0,0
"Kazakhstan","KAZ","Pelagic Fish",1411,24702,0,0,0
"Kenya","KEN","Aquatic Animals; Others",356,NA,0,NA,0
"Kenya","KEN","Cephalopods",917,7,0,0,0
"Kenya","KEN","Crustaceans",399,71,0,0,0
"Kenya","KEN","Demersal Fish",12,34,0,0,0
"Kenya","KEN","Freshwater Fish",2772,2667,0,0,0
"Kenya","KEN","Moluscs; Other",47,11,0,0,0
"Kiribati","KIR","Marine Fish; Other",21,49,0,0,0
"Kiribati","KIR","Pelagic Fish",99975,849,0,0,0
"Korea, Dem. People's Rep","PRK","Aquatic Animals; Others",628,8,0,0,0
"Korea, Dem. People's Rep","PRK","Cephalopods",81491,19310,0,0,0
"Korea, Dem. People's Rep","PRK","Crustaceans",7247,41,0,0,0
"Korea, Dem. People's Rep","PRK","Demersal Fish",163,51633,0,0,0
"Korea, Dem. People's Rep","PRK","Freshwater Fish",60,NA,0,NA,0
"Korea, Dem. People's Rep","PRK","Marine Fish; Other",8589,3170,0,0,0
"Korea, Dem. People's Rep","PRK","Moluscs; Other",3212,51,0,0,0
"Korea, Dem. People's Rep","PRK","Pelagic Fish",902,28245,0,0,0
"Korea, Republic of","KOR","Aquatic Animals; Others",1861,12565,0,0,0
"Korea, Republic of","KOR","Cephalopods",23526,187218,0,0,0
"Korea, Republic of","KOR","Crustaceans",38352,141149,0,0,0
"Korea, Republic of","KOR","Demersal Fish",50035,578497,0,0,0
"Korea, Republic of","KOR","Freshwater Fish",2528,44269,0,0,0
"Korea, Republic of","KOR","Marine Fish; Other",62604,243417,0,0,0
"Korea, Republic of","KOR","Moluscs; Other",31696,108787,0,0,0
"Korea, Republic of","KOR","Pelagic Fish",264054,190620,0,0,0
"Kuwait","KWT","Crustaceans",132,5979,0,0,0
"Kuwait","KWT","Marine Fish; Other",51,5654,0,0,0
"Kuwait","KWT","Moluscs; Other",9,199,0,0,0
"Kuwait","KWT","Pelagic Fish",120,14720,0,0,0
"Kyrgyzstan","KGZ","Freshwater Fish",1819,1017,0,0,0
"Kyrgyzstan","KGZ","Marine Fish; Other",320,1185,0,0,0
"Lao People's Dem. Rep.","LAO","Cephalopods",5,21,0,0,0
"Lao People's Dem. Rep.","LAO","Freshwater Fish",2,32,0,0,0
"Lao People's Dem. Rep.","LAO","Marine Fish; Other",3,4283,0,0,0
"Latvia","LVA","Aquatic Animals; Others",4,14,0,0,0
"Latvia","LVA","Cephalopods",135,314,0,0,0
"Latvia","LVA","Crustaceans",536,1360,0,0,0
"Latvia","LVA","Demersal Fish",10771,11505,0,0,0
"Latvia","LVA","Freshwater Fish",10987,13860,0,0,0
"Latvia","LVA","Marine Fish; Other",12618,21777,0,0,0
"Latvia","LVA","Moluscs; Other",136,369,0,0,0
"Latvia","LVA","Pelagic Fish",89051,29717,0,0,0
"Lebanon","LBN","Crustaceans",12,2624,0,0,0
"Lebanon","LBN","Freshwater Fish",136,7058,0,0,0
"Lebanon","LBN","Marine Fish; Other",11,9992,0,0,0
"Lebanon","LBN","Pelagic Fish",182,11355,0,0,0
"Lesotho","LSO","Aquatic Animals; Others",18,16,0,0,0
"Lesotho","LSO","Crustaceans",15,7,0,0,0
"Lesotho","LSO","Demersal Fish",34,242,0,0,0
"Lesotho","LSO","Freshwater Fish",626,466,0,0,0
"Lesotho","LSO","Marine Fish; Other",110,1178,0,0,0
"Lesotho","LSO","Pelagic Fish",11,1216,0,0,0
"Liberia","LBR","Crustaceans",16,6,0,0,0
"Liberia","LBR","Demersal Fish",102,1668,0,0,0
"Liberia","LBR","Freshwater Fish",25,161,0,0,0
"Liberia","LBR","Marine Fish; Other",8.42,1317,0,0,0
"Liberia","LBR","Pelagic Fish",1,3275,0,0,0
"Libya","LBY","Cephalopods",3,298,0,0,0
"Libya","LBY","Demersal Fish",129,1470,0,0,0
"Libya","LBY","Marine Fish; Other",2153,4136,0,0,0
"Libya","LBY","Pelagic Fish",3655,30953,0,0,0
"Lithuania","LTU","Aquatic Animals; Others",201,396,0,0,0
"Lithuania","LTU","Cephalopods",242,790,0,0,0
"Lithuania","LTU","Crustaceans",691,1586,0,0,0
"Lithuania","LTU","Demersal Fish",73088,38900,0,0,0
"Lithuania","LTU","Freshwater Fish",34484,53022,0,0,0
"Lithuania","LTU","Marine Fish; Other",14402,29637,0,0,0
"Lithuania","LTU","Moluscs; Other",103,399,0,0,0
"Lithuania","LTU","Pelagic Fish",27296,41811,0,0,0
"Luxembourg","LUX","Aquatic Animals; Others",17,65,0,0,0
"Luxembourg","LUX","Cephalopods",20,529,0,0,0
"Luxembourg","LUX","Crustaceans",184,1693,0,0,0
"Luxembourg","LUX","Demersal Fish",291,4064,0,0,0
"Luxembourg","LUX","Freshwater Fish",480,4125,0,0,0
"Luxembourg","LUX","Marine Fish; Other",232,875,0,0,0
"Luxembourg","LUX","Moluscs; Other",149,1345,0,0,0
"Luxembourg","LUX","Pelagic Fish",98,1917,0,0,0
"Madagascar","MDG","Aquatic Animals; Others",480,90,0,0,0
"Madagascar","MDG","Cephalopods",1205,1,0,0,0
"Madagascar","MDG","Crustaceans",12168,8,0,0,0
"Madagascar","MDG","Demersal Fish",407,3,0,0,0
"Madagascar","MDG","Freshwater Fish",72,16,0,0,0
"Madagascar","MDG","Moluscs; Other",140,54,0,0,0
"Malawi","MWI","Freshwater Fish",5,299,0,0,0
"Malawi","MWI","Marine Fish; Other",38,1570,0,0,0
"Malaysia","MYS","Aquatic Animals; Others",3064,2851,0,0,0
"Malaysia","MYS","Cephalopods",25199,23036,0,0,0
"Malaysia","MYS","Crustaceans",56110,43664,0,0,0
"Malaysia","MYS","Demersal Fish",6098,30575,0,0,0
"Malaysia","MYS","Freshwater Fish",12768,35592,0,0,0
"Malaysia","MYS","Marine Fish; Other",92715,182897,0,0,0
"Malaysia","MYS","Moluscs; Other",9293,12906,0,0,0
"Malaysia","MYS","Pelagic Fish",34928,112112,0,0,0
"Maldives","MDV","Aquatic Animals; Others",99,13,0,0,0
"Maldives","MDV","Demersal Fish",741,43,0,0,0
"Maldives","MDV","Marine Fish; Other",881,406,0,0,0
"Maldives","MDV","Pelagic Fish",77587,1472,0,0,0
"Mali","MLI","Freshwater Fish",47,8886,0,0,0
"Mali","MLI","Marine Fish; Other",1917,20037,0,0,0
"Mali","MLI","Pelagic Fish",21,4539,0,0,0
"Malta","MLT","Demersal Fish",2244,2701,0,0,0
"Malta","MLT","Marine Fish; Other",4554,5044.5,0,0,0
"Malta","MLT","Pelagic Fish",8567,60180,0,0,0
"Marshall Islands","MHL","Aquatic Animals; Others",4,NA,0,NA,0
"Marshall Islands","MHL","Crustaceans",7,9,0,0,0
"Marshall Islands","MHL","Demersal Fish",133,1,0,0,0
"Marshall Islands","MHL","Marine Fish; Other",646,1497,0,0,0
"Marshall Islands","MHL","Moluscs; Other",17,1,0,0,0
"Marshall Islands","MHL","Pelagic Fish",46161,1108,0,0,0
"Mauritania","MRT","Cephalopods",47729,NA,0,NA,0
"Mauritania","MRT","Crustaceans",2101,232,0,0,0
"Mauritania","MRT","Demersal Fish",23974,NA,0,NA,0
"Mauritania","MRT","Marine Fish; Other",316563,9,0,0,0
"Mauritania","MRT","Moluscs; Other",428,NA,0,NA,0
"Mauritania","MRT","Pelagic Fish",259455,3670,0,0,0
"Mauritius","MUS","Cephalopods",53,1423,0,0,0
"Mauritius","MUS","Demersal Fish",4345,3107,0,0,0
"Mauritius","MUS","Freshwater Fish",5,1217,0,0,0
"Mauritius","MUS","Marine Fish; Other",61276,62627,0,0,0
"Mauritius","MUS","Moluscs; Other",1,164,0,0,0
"Mauritius","MUS","Pelagic Fish",83845,118723,0,0,0
"Mexico","MEX","Aquatic Animals; Others",7134,216,0,0,0
"Mexico","MEX","Cephalopods",7301,13469,0,0,0
"Mexico","MEX","Crustaceans",45201,20708,0,0,0
"Mexico","MEX","Demersal Fish",8115,4505,0,0,0
"Mexico","MEX","Freshwater Fish",6175,259347,0,0,0
"Mexico","MEX","Marine Fish; Other",69040,17198,0,0,0
"Mexico","MEX","Moluscs; Other",7686,7714,0,0,0
"Mexico","MEX","Pelagic Fish",147705,100051,0,0,0
"Micronesia, Fed.States of","FSM","Aquatic Animals; Others",6,NA,0,NA,0
"Micronesia, Fed.States of","FSM","Marine Fish; Other",5,1377,0,0,0
"Micronesia, Fed.States of","FSM","Moluscs; Other",3,NA,0,NA,0
"Micronesia, Fed.States of","FSM","Pelagic Fish",49487,944,0,0,0
"Moldova, Republic of","MDA","Demersal Fish",3,7234,0,0,0
"Mongolia","MNG","Freshwater Fish",22,66,0,0,0
"Montenegro","MNE","Demersal Fish",7,1242,0,0,0
"Montenegro","MNE","Freshwater Fish",7,509,0,0,0
"Morocco","MAR","Aquatic Animals; Others",126,8,0,0,0
"Morocco","MAR","Cephalopods",94276,8594,0,0,0
"Morocco","MAR","Crustaceans",11115,22934,0,0,0
"Morocco","MAR","Demersal Fish",7369,2380,0,0,0
"Morocco","MAR","Freshwater Fish",4186,5039,0,0,0
"Morocco","MAR","Marine Fish; Other",58207,5343,0,0,0
"Morocco","MAR","Moluscs; Other",793,418,0,0,0
"Morocco","MAR","Pelagic Fish",540684,28143,0,0,0
"Mozambique","MOZ","Aquatic Animals; Others",164,NA,0,NA,0
"Mozambique","MOZ","Cephalopods",374,32,0,0,0
"Mozambique","MOZ","Crustaceans",3981,12,0,0,0
"Mozambique","MOZ","Demersal Fish",14,351,0,0,0
"Mozambique","MOZ","Freshwater Fish",164,81,0,0,0
"Mozambique","MOZ","Marine Fish; Other",4093,20342,0,0,0
"Mozambique","MOZ","Moluscs; Other",32,10,0,0,0
"Mozambique","MOZ","Pelagic Fish",1139,14879,0,0,0
"Myanmar","MMR","Aquatic Animals; Others",334,50,0,0,0
"Myanmar","MMR","Cephalopods",20961,12,0,0,0
"Myanmar","MMR","Crustaceans",55637,415,0,0,0
"Myanmar","MMR","Demersal Fish",492,11,0,0,0
"Myanmar","MMR","Freshwater Fish",84468,1795,0,0,0
"Myanmar","MMR","Marine Fish; Other",245876,592,0,0,0
"Myanmar","MMR","Moluscs; Other",12214,95,0,0,0
"Myanmar","MMR","Pelagic Fish",67998,2572,0,0,0
"Nepal","NPL","Marine Fish; Other",3,7220,0,0,0
"Nepal","NPL","Pelagic Fish",16,1400,0,0,0
"Netherlands","NLD","Aquatic Animals; Others",32693,1094,0,0,0
"Netherlands","NLD","Cephalopods",13155,16134,0,0,0
"Netherlands","NLD","Crustaceans",89232,89256,0,0,0
"Netherlands","NLD","Demersal Fish",666144,562716,0,0,0
"Netherlands","NLD","Freshwater Fish",118187,124457,0,0,0
"Netherlands","NLD","Marine Fish; Other",120388,93577,0,0,0
"Netherlands","NLD","Moluscs; Other",90387,49999,0,0,0
"Netherlands","NLD","Pelagic Fish",524902,364083,0,0,0
"New Caledonia","NCL","Aquatic Animals; Others",3,NA,0,NA,0
"New Caledonia","NCL","Crustaceans",840,74,0,0,0
"New Caledonia","NCL","Marine Fish; Other",38,675,0,0,0
"New Caledonia","NCL","Moluscs; Other",39,326,0,0,0
"New Caledonia","NCL","Pelagic Fish",356,1913,0,0,0
"New Zealand","NZL","Aquatic Animals; Others",289,90,0,0,0
"Nicaragua","NIC","Aquatic Animals; Others",757,24,0,0,0
"Nicaragua","NIC","Crustaceans",25855,315,0,0,0
"Nicaragua","NIC","Demersal Fish",3020,4,0,0,0
"Nicaragua","NIC","Freshwater Fish",7,1752,0,0,0
"Nicaragua","NIC","Marine Fish; Other",1237,422,0,0,0
"Nicaragua","NIC","Moluscs; Other",712,29,0,0,0
"Nicaragua","NIC","Pelagic Fish",941,4766,0,0,0
"Niger","NER","Marine Fish; Other",26,737,0,0,0
"Niger","NER","Moluscs; Other",2,NA,0,NA,0
"Niger","NER","Pelagic Fish",300,2095,0,0,0
"Nigeria","NGA","Crustaceans",5521,162,0,0,0
"Nigeria","NGA","Demersal Fish",1,129160,0,0,0
"Nigeria","NGA","Marine Fish; Other",524,17645,0,0,0
"Nigeria","NGA","Moluscs; Other",4,3,0,0,0
"North Macedonia","MKD","Aquatic Animals; Others",7,7,0,0,0
"North Macedonia","MKD","Cephalopods",25,142,0,0,0
"North Macedonia","MKD","Crustaceans",35,74,0,0,0
"North Macedonia","MKD","Demersal Fish",495,4620,0,0,0
"North Macedonia","MKD","Freshwater Fish",67,689,0,0,0
"North Macedonia","MKD","Marine Fish; Other",94,182,0,0,0
"North Macedonia","MKD","Pelagic Fish",42,3142,0,0,0
"Norway","NOR","Aquatic Animals; Others",4,493,0,0,0
"Norway","NOR","Cephalopods",11,264,0,0,0
"Norway","NOR","Crustaceans",38861,18422,0,0,0
"Norway","NOR","Demersal Fish",607095,38340,0,0,0
"Norway","NOR","Freshwater Fish",1152563,1764,0,0,0
"Norway","NOR","Marine Fish; Other",190839,211993,0,0,0
"Norway","NOR","Moluscs; Other",693,915,0,0,0
"Norway","NOR","Pelagic Fish",839687,378886,0,0,0
"Oman","OMN","Aquatic Animals; Others",2,4,0,0,0
"Oman","OMN","Cephalopods",3960,652,0,0,0
"Oman","OMN","Moluscs; Other",1487,70,0,0,0
"Pakistan","PAK","Aquatic Animals; Others",32,71,0,0,0
"Pakistan","PAK","Cephalopods",9,11,0,0,0
"Pakistan","PAK","Crustaceans",39930,12,0,0,0
"Pakistan","PAK","Demersal Fish",72526,169,0,0,0
"Pakistan","PAK","Freshwater Fish",41136,11850,0,0,0
"Pakistan","PAK","Marine Fish; Other",21461,196,0,0,0
"Pakistan","PAK","Moluscs; Other",874,NA,0,NA,0
"Pakistan","PAK","Pelagic Fish",22027,39,0,0,0
"Palau","PLW","Marine Fish; Other",2,20,0,0,0
"Palau","PLW","Moluscs; Other",3,11,0,0,0
"Palau","PLW","Pelagic Fish",395,368,0,0,0
"Palestine","PSE","Pelagic Fish",115,2867,0,0,0
"Panama","PAN","Aquatic Animals; Others",162,43,0,0,0
"Panama","PAN","Cephalopods",152,2049,0,0,0
"Panama","PAN","Crustaceans",7319,809,0,0,0
"Panama","PAN","Demersal Fish",4831,437,0,0,0
"Panama","PAN","Freshwater Fish",4443,4787,0,0,0
"Panama","PAN","Marine Fish; Other",9117,2505,0,0,0
"Panama","PAN","Moluscs; Other",128,367,0,0,0
"Panama","PAN","Pelagic Fish",32326,12167,0,0,0
"Papua New Guinea","PNG","Aquatic Animals; Others",672,2,0,0,0
"Papua New Guinea","PNG","Cephalopods",2,76,0,0,0
"Papua New Guinea","PNG","Crustaceans",791,66,0,0,0
"Papua New Guinea","PNG","Demersal Fish",35,150,0,0,0
"Papua New Guinea","PNG","Marine Fish; Other",3344,2551,0,0,0
"Papua New Guinea","PNG","Pelagic Fish",95559,32231,0,0,0
"Paraguay","PRY","Freshwater Fish",9,435,0,0,0
"Paraguay","PRY","Marine Fish; Other",96,56,0,0,0
"Peru","PER","Aquatic Animals; Others",117,15,0,0,0
"Peru","PER","Cephalopods",176062,1367,0,0,0
"Peru","PER","Crustaceans",36420,7651,0,0,0
"Peru","PER","Demersal Fish",28571,3046,0,0,0
"Peru","PER","Freshwater Fish",6619,15254,0,0,0
"Peru","PER","Marine Fish; Other",200241,16591,0,0,0
"Peru","PER","Moluscs; Other",5451,132,0,0,0
"Peru","PER","Pelagic Fish",1108931,99388,0,0,0
"Philippines","PHL","Aquatic Animals; Others",2605,671,0,0,0
"Philippines","PHL","Cephalopods",9016,33897,0,0,0
"Philippines","PHL","Crustaceans",30172,4513,0,0,0
"Philippines","PHL","Demersal Fish",59,9427,0,0,0
"Philippines","PHL","Freshwater Fish",11275,57820,0,0,0
"Philippines","PHL","Marine Fish; Other",37091,31214,0,0,0
"Philippines","PHL","Moluscs; Other",5975,591,0,0,0
"Philippines","PHL","Pelagic Fish",220540,377546,0,0,0
"Poland","POL","Aquatic Animals; Others",329,305,0,0,0
"Poland","POL","Cephalopods",297,970,0,0,0
"Poland","POL","Crustaceans",1396,7231,0,0,0
"Poland","POL","Demersal Fish",157317,246821,0,0,0
"Poland","POL","Freshwater Fish",146264,231479,0,0,0
"Poland","POL","Marine Fish; Other",98849,44569,0,0,0
"Poland","POL","Moluscs; Other",318,1396,0,0,0
"Poland","POL","Pelagic Fish",104765,216075,0,0,0
"Portugal","PRT","Aquatic Animals; Others",163,346,0,0,0
"Portugal","PRT","Cephalopods",33516,64878,0,0,0
"Portugal","PRT","Crustaceans",10108,36831,0,0,0
"Portugal","PRT","Demersal Fish",73472,235719,0,0,0
"Portugal","PRT","Freshwater Fish",6907,35117,0,0,0
"Portugal","PRT","Marine Fish; Other",19760,44839,0,0,0
"Portugal","PRT","Moluscs; Other",14241,24434,0,0,0
"Portugal","PRT","Pelagic Fish",126738,122538,0,0,0
"Qatar","QAT","Marine Fish; Other",798,415,0,0,0
"Romania","ROU","Aquatic Animals; Others",124,308,0,0,0
"Romania","ROU","Cephalopods",149,1289,0,0,0
"Romania","ROU","Crustaceans",150,1753,0,0,0
"Romania","ROU","Demersal Fish",66,15345,0,0,0
"Romania","ROU","Freshwater Fish",685,26225,0,0,0
"Romania","ROU","Marine Fish; Other",1052,11479,0,0,0
"Romania","ROU","Moluscs; Other",788,896,0,0,0
"Romania","ROU","Pelagic Fish",1130,62999,0,0,0
"Russian Federation","RUS","Aquatic Animals; Others",15877,107,0,0,0
"Russian Federation","RUS","Cephalopods",9103,22999,0,0,0
"Russian Federation","RUS","Crustaceans",87862,41941,0,0,0
"Russian Federation","RUS","Demersal Fish",1447028,79441,0,0,0
"Russian Federation","RUS","Freshwater Fish",109906,137458,0,0,0
"Russian Federation","RUS","Marine Fish; Other",148956,125498,0,0,0
"Russian Federation","RUS","Moluscs; Other",12999,13536,0,0,0
"Russian Federation","RUS","Pelagic Fish",502312,244977,0,0,0
"Rwanda","RWA","Demersal Fish",0.1,10.61,0,0,0
"Saint Helena","SHN","Crustaceans",249,83,0,0,0
"Saint Helena","SHN","Demersal Fish",402,NA,0,NA,0
"Saint Helena","SHN","Marine Fish; Other",77,5,0,0,0
"Saint Helena","SHN","Pelagic Fish",209,11,0,0,0
"Saint Kitts and Nevis","KNA","Moluscs; Other",8,11,0,0,0
"Saint Vincent/Grenadines","VCT","Crustaceans",173,16,0,0,0
"Saint Vincent/Grenadines","VCT","Freshwater Fish",4,2,0,0,0
"Saint Vincent/Grenadines","VCT","Marine Fish; Other",63,260,0,0,0
"Samoa","WSM","Demersal Fish",1,33,0,0,0
"Samoa","WSM","Freshwater Fish",50,65,0,0,0
"Samoa","WSM","Marine Fish; Other",81,75,0,0,0
"Samoa","WSM","Pelagic Fish",7022,4170,0,0,0
"Sao Tome and Principe","STP","Cephalopods",1,1,0,0,0
"Saudi Arabia","SAU","Cephalopods",475,1273,0,0,0
"Saudi Arabia","SAU","Crustaceans",41668,12833,0,0,0
"Saudi Arabia","SAU","Demersal Fish",4585,31265,0,0,0
"Saudi Arabia","SAU","Freshwater Fish",4050,122775,0,0,0
"Saudi Arabia","SAU","Marine Fish; Other",5277,27219,0,0,0
"Saudi Arabia","SAU","Moluscs; Other",1123,152,0,0,0
"Saudi Arabia","SAU","Pelagic Fish",5672,67170,0,0,0
"Senegal","SEN","Aquatic Animals; Others",2,14,0,0,0
"Senegal","SEN","Cephalopods",9362,86,0,0,0
"Senegal","SEN","Crustaceans",4604,270,0,0,0
"Senegal","SEN","Demersal Fish",8150,189,0,0,0
"Senegal","SEN","Freshwater Fish",3299,422,0,0,0
"Senegal","SEN","Marine Fish; Other",78674,14720,0,0,0
"Senegal","SEN","Moluscs; Other",3105,26,0,0,0
"Senegal","SEN","Pelagic Fish",132398,15414,0,0,0
"Serbia","SRB","Aquatic Animals; Others",110,63,0,0,0
"Serbia","SRB","Cephalopods",39,1068,0,0,0
"Serbia","SRB","Crustaceans",29,111,0,0,0
"Serbia","SRB","Demersal Fish",180,9602,0,0,0
"Serbia","SRB","Freshwater Fish",1214,9861,0,0,0
"Serbia","SRB","Marine Fish; Other",184,1992,0,0,0
"Serbia","SRB","Moluscs; Other",4,67,0,0,0
"Serbia","SRB","Pelagic Fish",839,16686,0,0,0
"Seychelles","SYC","Demersal Fish",25,NA,0,NA,0
"Seychelles","SYC","Marine Fish; Other",3088,67,0,0,0
"Seychelles","SYC","Moluscs; Other",51,75,0,0,0
"Seychelles","SYC","Pelagic Fish",156303,76702,0,0,0
"Sierra Leone","SLE","Demersal Fish",1355,NA,0,NA,0
"Sierra Leone","SLE","Freshwater Fish",88,1,0,0,0
"Sierra Leone","SLE","Marine Fish; Other",1058,714,0,0,0
"Sierra Leone","SLE","Pelagic Fish",106,1938,0,0,0
"Singapore","SGP","Aquatic Animals; Others",495,1191,0,0,0
"Singapore","SGP","Cephalopods",1205,10797,0,0,0
"Singapore","SGP","Crustaceans",3285,32575,0,0,0
"Singapore","SGP","Demersal Fish",5689,13939,0,0,0
"Singapore","SGP","Freshwater Fish",5254,56951,0,0,0
"Singapore","SGP","Marine Fish; Other",16863,64425,0,0,0
"Singapore","SGP","Moluscs; Other",1443,12579,0,0,0
"Singapore","SGP","Pelagic Fish",9109,31058,0,0,0
"Slovakia","SVK","Aquatic Animals; Others",24,9,0,0,0
"Slovakia","SVK","Cephalopods",27,49,0,0,0
"Slovakia","SVK","Crustaceans",30,194,0,0,0
"Slovakia","SVK","Demersal Fish",975,15479,0,0,0
"Slovakia","SVK","Freshwater Fish",821,7813,0,0,0
"Slovakia","SVK","Marine Fish; Other",1455,8718,0,0,0
"Slovakia","SVK","Moluscs; Other",5,67,0,0,0
"Slovakia","SVK","Pelagic Fish",634,9706,0,0,0
"Slovenia","SVN","Aquatic Animals; Others",17,90,0,0,0
"Slovenia","SVN","Cephalopods",739,3330,0,0,0
"Slovenia","SVN","Crustaceans",154,717,0,0,0
"Slovenia","SVN","Demersal Fish",978,5236,0,0,0
"Slovenia","SVN","Freshwater Fish",4067,6918,0,0,0
"Slovenia","SVN","Marine Fish; Other",1734,2377,0,0,0
"Slovenia","SVN","Moluscs; Other",215,518,0,0,0
"Slovenia","SVN","Pelagic Fish",4106,9162,0,0,0
"Solomon Islands","SLB","Aquatic Animals; Others",47,1,0,0,0
"Solomon Islands","SLB","Demersal Fish",1,3,0,0,0
"Solomon Islands","SLB","Freshwater Fish",332,4,0,0,0
"Solomon Islands","SLB","Marine Fish; Other",2181,46,0,0,0
"Solomon Islands","SLB","Moluscs; Other",300,11,0,0,0
"Solomon Islands","SLB","Pelagic Fish",28837,602,0,0,0
"Somalia","SOM","Aquatic Animals; Others",11,NA,0,NA,0
"Somalia","SOM","Cephalopods",121,NA,0,NA,0
"Somalia","SOM","Crustaceans",10,2,0,0,0
"Somalia","SOM","Demersal Fish",2393,26,0,0,0
"Somalia","SOM","Freshwater Fish",446,470,0,0,0
"Somalia","SOM","Marine Fish; Other",4330,23,0,0,0
"Somalia","SOM","Moluscs; Other",4,NA,0,NA,0
"Somalia","SOM","Pelagic Fish",391,2956,0,0,0
"South Africa","ZAF","Aquatic Animals; Others",50,116,0,0,0
"South Africa","ZAF","Cephalopods",12619,9468,0,0,0
"South Africa","ZAF","Crustaceans",3234,9373,0,0,0
"South Africa","ZAF","Demersal Fish",59926,35525,0,0,0
"South Africa","ZAF","Freshwater Fish",2915,13204,0,0,0
"South Africa","ZAF","Marine Fish; Other",23333,20078,0,0,0
"South Africa","ZAF","Moluscs; Other",1659,1531,0,0,0
"South Africa","ZAF","Pelagic Fish",98611,131163,0,0,0
"Spain","ESP","Aquatic Animals; Others",2838,2556,0,0,0
"Spain","ESP","Cephalopods",171307,347416,0,0,0
"Spain","ESP","Crustaceans",55250,197260,0,0,0
"Spain","ESP","Demersal Fish",207532,475288,0,0,0
"Spain","ESP","Freshwater Fish",29922,123412,0,0,0
"Spain","ESP","Marine Fish; Other",106784,139529,0,0,0
"Spain","ESP","Moluscs; Other",81968,83302,0,0,0
"Spain","ESP","Pelagic Fish",581505,561290,0,0,0
"Sri Lanka","LKA","Aquatic Animals; Others",705,36,0,0,0
"Sri Lanka","LKA","Crustaceans",4446,1090,0,0,0
"Sri Lanka","LKA","Demersal Fish",611,4412,0,0,0
"Sri Lanka","LKA","Freshwater Fish",420,984,0,0,0
"Sri Lanka","LKA","Marine Fish; Other",3754,23250,0,0,0
"Sri Lanka","LKA","Moluscs; Other",430,65,0,0,0
"St. Pierre and Miquelon","SPM","Aquatic Animals; Others",457,2,0,0,0
"St. Pierre and Miquelon","SPM","Crustaceans",57,2,0,0,0
"St. Pierre and Miquelon","SPM","Demersal Fish",252,NA,0,NA,0
"St. Pierre and Miquelon","SPM","Moluscs; Other",12,2,0,0,0
"Sudan","SDN","Aquatic Animals; Others",80,35,0,0,0
"Sudan","SDN","Crustaceans",57,27,0,0,0
"Sudan","SDN","Demersal Fish",12,148,0,0,0
"Sudan","SDN","Freshwater Fish",742,249,0,0,0
"Sudan","SDN","Marine Fish; Other",451,302,0,0,0
"Sudan","SDN","Pelagic Fish",353,1012,0,0,0
"Suriname","SUR","Crustaceans",3902,37,0,0,0
"Suriname","SUR","Demersal Fish",1408,51,0,0,0
"Suriname","SUR","Freshwater Fish",779,4,0,0,0
"Suriname","SUR","Marine Fish; Other",16979,178,0,0,0
"Suriname","SUR","Moluscs; Other",2,NA,0,NA,0
"Suriname","SUR","Pelagic Fish",3847,1990,0,0,0
"Sweden","SWE","Aquatic Animals; Others",137,1450.18,0,0,0
"Sweden","SWE","Cephalopods",49,651,0,0,0
"Sweden","SWE","Crustaceans",5331,34469,0,0,0
"Sweden","SWE","Demersal Fish",113353,167734,0,0,0
"Sweden","SWE","Freshwater Fish",467378,521085,0,0,0
"Sweden","SWE","Marine Fish; Other",53021,29278,0,0,0
"Sweden","SWE","Moluscs; Other",590,2183,0,0,0
"Sweden","SWE","Pelagic Fish",192806,72449,0,0,0
"Switzerland","CHE","Cephalopods",1,3243,0,0,0
"Switzerland","CHE","Crustaceans",39,9153,0,0,0
"Switzerland","CHE","Demersal Fish",14,19443,0,0,0
"Switzerland","CHE","Freshwater Fish",163,32743,0,0,0
"Switzerland","CHE","Marine Fish; Other",863,15259,0,0,0
"Switzerland","CHE","Moluscs; Other",12,4140,0,0,0
"Switzerland","CHE","Pelagic Fish",4,13251,0,0,0
"Syrian Arab Republic","SYR","Pelagic Fish",57,8772,0,0,0
"Taiwan Province of China","TWN","Aquatic Animals; Others",951,3189,0,0,0
"Taiwan Province of China","TWN","Cephalopods",70016,41533,0,0,0
"Taiwan Province of China","TWN","Crustaceans",9611,58766,0,0,0
"Taiwan Province of China","TWN","Demersal Fish",47188,38120,0,0,0
"Taiwan Province of China","TWN","Freshwater Fish",37967,43070,0,0,0
"Taiwan Province of China","TWN","Marine Fish; Other",40910,79085,0,0,0
"Taiwan Province of China","TWN","Moluscs; Other",2745,20055,0,0,0
"Taiwan Province of China","TWN","Pelagic Fish",522827,181424,0,0,0
"Tanzania, United Rep. of","TZA","Aquatic Animals; Others",108,NA,0,NA,0
"Tanzania, United Rep. of","TZA","Cephalopods",927,NA,0,NA,0
"Tanzania, United Rep. of","TZA","Crustaceans",1642,6,0,0,0
"Tanzania, United Rep. of","TZA","Demersal Fish",479,109,0,0,0
"Tanzania, United Rep. of","TZA","Freshwater Fish",30424,1973,0,0,0
"Tanzania, United Rep. of","TZA","Marine Fish; Other",15648,37,0,0,0
"Tanzania, United Rep. of","TZA","Moluscs; Other",149,1,0,0,0
"Tanzania, United Rep. of","TZA","Pelagic Fish",2925,15262,0,0,0
"Thailand","THA","Aquatic Animals; Others",10361,882.67,0,0,0
"Thailand","THA","Cephalopods",53045,149475,0,0,0
"Thailand","THA","Crustaceans",227714,54165,0,0,0
"Thailand","THA","Demersal Fish",27864,43754,0,0,0
"Thailand","THA","Freshwater Fish",64043,125933,0,0,0
"Thailand","THA","Marine Fish; Other",215524,287022,0,0,0
"Thailand","THA","Moluscs; Other",33565,21933,0,0,0
"Thailand","THA","Pelagic Fish",744668,1269678,0,0,0
"Togo","TGO","Demersal Fish",23,8177,0,0,0
"Togo","TGO","Freshwater Fish",4,36245,0,0,0
"Tonga","TON","Aquatic Animals; Others",47,NA,0,NA,0
"Tonga","TON","Demersal Fish",62,10,0,0,0
"Tonga","TON","Marine Fish; Other",41,943,0,0,0
"Tonga","TON","Moluscs; Other",4,4,0,0,0
"Tonga","TON","Pelagic Fish",358,741,0,0,0
"Trinidad and Tobago","TTO","Aquatic Animals; Others",2,7,0,0,0
"Trinidad and Tobago","TTO","Cephalopods",2,151,0,0,0
"Trinidad and Tobago","TTO","Crustaceans",39,998,0,0,0
"Trinidad and Tobago","TTO","Demersal Fish",987,3013,0,0,0
"Trinidad and Tobago","TTO","Freshwater Fish",277,1875,0,0,0
"Trinidad and Tobago","TTO","Marine Fish; Other",1506,2377,0,0,0
"Trinidad and Tobago","TTO","Pelagic Fish",1654,5794,0,0,0
"Tunisia","TUN","Aquatic Animals; Others",44,NA,0,NA,0
"Tunisia","TUN","Cephalopods",6030,808,0,0,0
"Tunisia","TUN","Crustaceans",4069,126,0,0,0
"Tunisia","TUN","Demersal Fish",2220,756,0,0,0
"Tunisia","TUN","Freshwater Fish",139,864,0,0,0
"Tunisia","TUN","Marine Fish; Other",1467,3713,0,0,0
"Tunisia","TUN","Moluscs; Other",813,582,0,0,0
"Tunisia","TUN","Pelagic Fish",6077,26417,0,0,0
"Turkey","TUR","Aquatic Animals; Others",1664,177,0,0,0
"Turkey","TUR","Cephalopods",945,3956,0,0,0
"Turkey","TUR","Crustaceans",1540,1242,0,0,0
"Turkey","TUR","Demersal Fish",79780,9139,0,0,0
"Turkey","TUR","Freshwater Fish",38975,9419,0,0,0
"Turkey","TUR","Marine Fish; Other",41147,41992,0,0,0
"Turkey","TUR","Moluscs; Other",4163,683,0,0,0
"Turkey","TUR","Pelagic Fish",15034,205474,0,0,0
"Turks and Caicos Is.","TCA","Aquatic Animals; Others",9,NA,0,NA,0
"Turks and Caicos Is.","TCA","Crustaceans",34,181,0,0,0
"Turks and Caicos Is.","TCA","Moluscs; Other",89,146,0,0,0
"Tuvalu","TUV","Marine Fish; Other",2,9,0,0,0
"Tuvalu","TUV","Pelagic Fish",3430,25,0,0,0
"Uganda","UGA","Freshwater Fish",33839,540,0,0,0
"Ukraine","UKR","Aquatic Animals; Others",2,86,0,0,0
"Ukraine","UKR","Cephalopods",12,2660,0,0,0
"Ukraine","UKR","Crustaceans",35,3877,0,0,0
"Ukraine","UKR","Demersal Fish",2724,73687,0,0,0
"Ukraine","UKR","Freshwater Fish",4732,38354,0,0,0
"Ukraine","UKR","Marine Fish; Other",1452,40243,0,0,0
"Ukraine","UKR","Moluscs; Other",220,5037,0,0,0
"Ukraine","UKR","Pelagic Fish",4300,179153,0,0,0
"United Kingdom","GBR","Aquatic Animals; Others",8282,3942,0,0,0
"United Kingdom","GBR","Cephalopods",16556,13581,0,0,0
"United Kingdom","GBR","Crustaceans",52914,88376,0,0,0
"United Kingdom","GBR","Demersal Fish",191291,431726,0,0,0
"United Kingdom","GBR","Freshwater Fish",141557,148339,0,0,0
"United Kingdom","GBR","Marine Fish; Other",95494,65294,0,0,0
"United Kingdom","GBR","Moluscs; Other",23829,7642,0,0,0
"United Kingdom","GBR","Pelagic Fish",371225,245748,0,0,0
"United States of America","USA","Aquatic Animals; Others",6795,17841,0,0,0
"United States of America","USA","Cephalopods",74785,102672,0,0,0
"United States of America","USA","Crustaceans",83200,854083,0,0,0
"United States of America","USA","Demersal Fish",967226,465621,0,0,0
"United States of America","USA","Freshwater Fish",312479,1204791,0,0,0
"United States of America","USA","Marine Fish; Other",182577,306611,0,0,0
"United States of America","USA","Moluscs; Other",23475,96090,0,0,0
"United States of America","USA","Pelagic Fish",246205,515468,0,0,0
"Uruguay","URY","Cephalopods",350,757,0,0,0
"Uruguay","URY","Crustaceans",309,489,0,0,0
"Uruguay","URY","Demersal Fish",38832,8332,0,0,0
"Uruguay","URY","Freshwater Fish",3966,4010,0,0,0
"Uruguay","URY","Marine Fish; Other",9947,454,0,0,0
"Uruguay","URY","Pelagic Fish",816,4311,0,0,0
"Uzbekistan","UZB","Freshwater Fish",177,236,0,0,0
"Uzbekistan","UZB","Marine Fish; Other",311,472,0,0,0
"Vanuatu","VUT","Aquatic Animals; Others",32,NA,0,NA,0
"Vanuatu","VUT","Cephalopods",2735,10,0,0,0
"Vanuatu","VUT","Demersal Fish",1098,6,0,0,0
"Vanuatu","VUT","Marine Fish; Other",1393,474,0,0,0
"Vanuatu","VUT","Moluscs; Other",1,12,0,0,0
"Vanuatu","VUT","Pelagic Fish",22369,1617,0,0,0
"Venezuela, Boliv Rep of","VEN","Aquatic Animals; Others",1180,NA,0,NA,0
"Venezuela, Boliv Rep of","VEN","Crustaceans",31413,299,0,0,0
"Venezuela, Boliv Rep of","VEN","Demersal Fish",137,117,0,0,0
"Venezuela, Boliv Rep of","VEN","Freshwater Fish",238,409,0,0,0
"Venezuela, Boliv Rep of","VEN","Marine Fish; Other",98,1522,0,0,0
"Viet Nam","VNM","Aquatic Animals; Others",2728,1982,0,0,0
"Viet Nam","VNM","Cephalopods",108871,13749,0,0,0
"Viet Nam","VNM","Crustaceans",409032,55007,0,0,0
"Viet Nam","VNM","Demersal Fish",15507,19288,0,0,0
"Viet Nam","VNM","Freshwater Fish",1212771,64160,0,0,0
"Viet Nam","VNM","Marine Fish; Other",302768,113540,0,0,0
"Viet Nam","VNM","Moluscs; Other",17551,4365,0,0,0
"Viet Nam","VNM","Pelagic Fish",362964,366184,0,0,0
"Yemen","YEM","Aquatic Animals; Others",47,NA,0,NA,0
"Yemen","YEM","Cephalopods",7455,NA,0,NA,0
"Yemen","YEM","Crustaceans",864,NA,0,NA,0
"Yemen","YEM","Demersal Fish",573,2,0,0,0
"Yemen","YEM","Freshwater Fish",267,NA,0,NA,0
"Yemen","YEM","Marine Fish; Other",24769,1150,0,0,0
"Yemen","YEM","Moluscs; Other",51,1,0,0,0
"Yemen","YEM","Pelagic Fish",12411,9741,0,0,0
"Zambia","ZMB","Crustaceans",30,80,0,0,0
"Zambia","ZMB","Marine Fish; Other",521,899,0,0,0
"Zimbabwe","ZWE","Demersal Fish",1531,553,0,0,0
"Zimbabwe","ZWE","Freshwater Fish",715,1882,0,0,0
"Zimbabwe","ZWE","Marine Fish; Other",13,814,0,0,0
"Zimbabwe","ZWE","Pelagic Fish",274,16769,0,0,0
"Algeria","DZA","Aquatic Animals; Others",NA,42,0,0,NA
"Andorra","AND","Aquatic Animals; Others",NA,63,0,0,NA
"Andorra","AND","Cephalopods",NA,260,0,0,NA
"Andorra","AND","Crustaceans",NA,129,0,0,NA
"Andorra","AND","Demersal Fish",NA,338,0,0,NA
"Andorra","AND","Marine Fish; Other",NA,1001,0,0,NA
"Andorra","AND","Pelagic Fish",NA,317,0,0,NA
"Angola","AGO","Aquatic Animals; Others",NA,3,0,0,NA
"Angola","AGO","Freshwater Fish",NA,7301,0,0,NA
"Angola","AGO","Moluscs; Other",NA,86,0,0,NA
"Antigua and Barbuda","ATG","Cephalopods",NA,24,0,0,NA
"Antigua and Barbuda","ATG","Demersal Fish",NA,43,0,0,NA
"Antigua and Barbuda","ATG","Freshwater Fish",NA,67,0,0,NA
"Antigua and Barbuda","ATG","Pelagic Fish",NA,476,0,0,NA
"Armenia","ARM","Aquatic Animals; Others",NA,3,0,0,NA
"Armenia","ARM","Cephalopods",NA,31,0,0,NA
"Armenia","ARM","Moluscs; Other",NA,16,0,0,NA
"Aruba","ABW","Cephalopods",NA,104,0,0,NA
"Aruba","ABW","Crustaceans",NA,700,0,0,NA
"Aruba","ABW","Demersal Fish",NA,155,0,0,NA
"Aruba","ABW","Moluscs; Other",NA,185,0,0,NA
"Aruba","ABW","Pelagic Fish",NA,435,0,0,NA
"Azerbaijan","AZE","Aquatic Animals; Others",NA,3,0,0,NA
"Azerbaijan","AZE","Cephalopods",NA,77,0,0,NA
"Azerbaijan","AZE","Crustaceans",NA,656,0,0,NA
"Azerbaijan","AZE","Demersal Fish",NA,2761,0,0,NA
"Azerbaijan","AZE","Freshwater Fish",NA,4293,0,0,NA
"Azerbaijan","AZE","Marine Fish; Other",NA,2679,0,0,NA
"Azerbaijan","AZE","Moluscs; Other",NA,31,0,0,NA
"Bahamas","BHS","Demersal Fish",NA,343,0,0,NA
"Bahamas","BHS","Freshwater Fish",NA,366,0,0,NA
"Bahrain","BHR","Aquatic Animals; Others",NA,5,0,0,NA
"Bangladesh","BGD","Moluscs; Other",NA,1051,0,0,NA
"Barbados","BRB","Aquatic Animals; Others",NA,2,0,0,NA
"Barbados","BRB","Cephalopods",NA,129,0,0,NA
"Barbados","BRB","Freshwater Fish",NA,140,0,0,NA
"Barbados","BRB","Moluscs; Other",NA,27,0,0,NA
"Belize","BLZ","Cephalopods",NA,23,0,0,NA
"Benin","BEN","Aquatic Animals; Others",NA,23,0,0,NA
"Benin","BEN","Cephalopods",NA,1,0,0,NA
"Benin","BEN","Demersal Fish",NA,18056,0,0,NA
"Bermuda","BMU","Aquatic Animals; Others",NA,2,0,0,NA
"Bermuda","BMU","Cephalopods",NA,69,0,0,NA
"Bermuda","BMU","Crustaceans",NA,229,0,0,NA
"Bermuda","BMU","Demersal Fish",NA,339,0,0,NA
"Bermuda","BMU","Marine Fish; Other",NA,670,0,0,NA
"Bermuda","BMU","Moluscs; Other",NA,101,0,0,NA
"Bermuda","BMU","Pelagic Fish",NA,292,0,0,NA
"Bhutan","BTN","Cephalopods",NA,1,0,0,NA
"Bhutan","BTN","Demersal Fish",NA,1,0,0,NA
"Bhutan","BTN","Freshwater Fish",NA,1400,0,0,NA
"Bhutan","BTN","Marine Fish; Other",NA,1234,0,0,NA
"Bhutan","BTN","Pelagic Fish",NA,65,0,0,NA
"Bolivia (Plurinat.State)","BOL","Aquatic Animals; Others",NA,3,0,0,NA
"Bolivia (Plurinat.State)","BOL","Cephalopods",NA,14,0,0,NA
"Bolivia (Plurinat.State)","BOL","Crustaceans",NA,32,0,0,NA
"Bolivia (Plurinat.State)","BOL","Demersal Fish",NA,6,0,0,NA
"Bolivia (Plurinat.State)","BOL","Freshwater Fish",NA,82,0,0,NA
"Bolivia (Plurinat.State)","BOL","Marine Fish; Other",NA,12200,0,0,NA
"Bolivia (Plurinat.State)","BOL","Moluscs; Other",NA,23,0,0,NA
"Bolivia (Plurinat.State)","BOL","Pelagic Fish",NA,2249,0,0,NA
"Botswana","BWA","Aquatic Animals; Others",NA,24,0,0,NA
"Botswana","BWA","Cephalopods",NA,9,0,0,NA
"Brazil","BRA","Cephalopods",NA,9142,0,0,NA
"Brazil","BRA","Moluscs; Other",NA,804,0,0,NA
"Burkina Faso","BFA","Aquatic Animals; Others",NA,2633,0,0,NA
"Burkina Faso","BFA","Crustaceans",NA,42,0,0,NA
"Burkina Faso","BFA","Demersal Fish",NA,14,0,0,NA
"Burkina Faso","BFA","Moluscs; Other",NA,65,0,0,NA
"Burundi","BDI","Freshwater Fish",NA,28,0,0,NA
"Burundi","BDI","Pelagic Fish",NA,171,0,0,NA
"Cabo Verde","CPV","Aquatic Animals; Others",NA,2,0,0,NA
"Cabo Verde","CPV","Demersal Fish",NA,253,0,0,NA
"Cambodia","KHM","Moluscs; Other",NA,5469,0,0,NA
"Cameroon","CMR","Aquatic Animals; Others",NA,1,0,0,NA
"Cameroon","CMR","Demersal Fish",NA,29469,0,0,NA
"Cameroon","CMR","Moluscs; Other",NA,17,0,0,NA
"Cayman Islands","CYM","Cephalopods",NA,15,0,0,NA
"Cayman Islands","CYM","Crustaceans",NA,114,0,0,NA
"Cayman Islands","CYM","Demersal Fish",NA,54,0,0,NA
"Cayman Islands","CYM","Freshwater Fish",NA,161,0,0,NA
"Cayman Islands","CYM","Marine Fish; Other",NA,278,0,0,NA
"Cayman Islands","CYM","Moluscs; Other",NA,14,0,0,NA
"Cayman Islands","CYM","Pelagic Fish",NA,165,0,0,NA
"Central African Republic","CAF","Crustaceans",NA,144,0,0,NA
"Central African Republic","CAF","Demersal Fish",NA,30,0,0,NA
"Central African Republic","CAF","Freshwater Fish",NA,245,0,0,NA
"Central African Republic","CAF","Pelagic Fish",NA,5621,0,0,NA
"Chad","TCD","Aquatic Animals; Others",NA,180,0,0,NA
"Chad","TCD","Cephalopods",NA,2,0,0,NA
"Chad","TCD","Crustaceans",NA,3,0,0,NA
"Chad","TCD","Demersal Fish",NA,2,0,0,NA
"Chad","TCD","Freshwater Fish",NA,34,0,0,NA
"Chad","TCD","Pelagic Fish",NA,131,0,0,NA
"China, Macao SAR","MAC","Aquatic Animals; Others",NA,197,0,0,NA
"China, Macao SAR","MAC","Cephalopods",NA,1495,19,1.27090301003344,NA
"China, Macao SAR","MAC","Crustaceans",NA,5157,2,0.0387822377351173,NA
"China, Macao SAR","MAC","Demersal Fish",NA,716,0,0,NA
"China, Macao SAR","MAC","Freshwater Fish",NA,8913,8,0.0897565353977336,NA
"China, Macao SAR","MAC","Pelagic Fish",NA,1050,21,2,NA
"Colombia","COL","Moluscs; Other",NA,631,0,0,NA
"Comoros","COM","Demersal Fish",NA,28,0,0,NA
"Comoros","COM","Freshwater Fish",NA,27,0,0,NA
"Comoros","COM","Marine Fish; Other",NA,129,0,0,NA
"Comoros","COM","Pelagic Fish",NA,949,0,0,NA
"Congo","COG","Cephalopods",NA,11,0,0,NA
"Congo","COG","Freshwater Fish",NA,3023,0,0,NA
"Congo","COG","Moluscs; Other",NA,72,0,0,NA
"Congo, Dem. Rep. of the","COD","Aquatic Animals; Others",NA,0.63,0,0,NA
"Congo, Dem. Rep. of the","COD","Cephalopods",NA,8.96,0,0,NA
"Congo, Dem. Rep. of the","COD","Moluscs; Other",NA,21.23,0,0,NA
"Cook Islands","COK","Aquatic Animals; Others",NA,3,0,0,NA
"Cook Islands","COK","Cephalopods",NA,13,0,0,NA
"Cook Islands","COK","Crustaceans",NA,21,0,0,NA
"Cook Islands","COK","Moluscs; Other",NA,24,0,0,NA
"Costa Rica","CRI","Aquatic Animals; Others",NA,28,0,0,NA
"Costa Rica","CRI","Moluscs; Other",NA,537,0,0,NA
"Cuba","CUB","Pelagic Fish",NA,10566,0,0,NA
"Cura<e7>ao","CUW","Aquatic Animals; Others",NA,2,0,0,NA
"Cura<e7>ao","CUW","Cephalopods",NA,8,0,0,NA
"Cura<e7>ao","CUW","Crustaceans",NA,139,0,0,NA
"Cura<e7>ao","CUW","Demersal Fish",NA,675,0,0,NA
"Cura<e7>ao","CUW","Freshwater Fish",NA,51,0,0,NA
"Cura<e7>ao","CUW","Moluscs; Other",NA,59,0,0,NA
"Cyprus","CYP","Aquatic Animals; Others",NA,61,0,0,NA
"Djibouti","DJI","Cephalopods",NA,1,0,0,NA
"Djibouti","DJI","Crustaceans",NA,21,0,0,NA
"Djibouti","DJI","Demersal Fish",NA,13,0,0,NA
"Djibouti","DJI","Freshwater Fish",NA,8,0,0,NA
"Djibouti","DJI","Moluscs; Other",NA,3,0,0,NA
"Djibouti","DJI","Pelagic Fish",NA,665,0,0,NA
"Dominica","DMA","Crustaceans",NA,24,0,0,NA
"Dominica","DMA","Demersal Fish",NA,74,0,0,NA
"Dominica","DMA","Marine Fish; Other",NA,49,0,0,NA
"Dominica","DMA","Pelagic Fish",NA,173,0,0,NA
"Dominican Republic","DOM","Aquatic Animals; Others",NA,44,0,0,NA
"El Salvador","SLV","Aquatic Animals; Others",NA,1,0,0,NA
"Equatorial Guinea","GNQ","Aquatic Animals; Others",NA,11,0,0,NA
"Equatorial Guinea","GNQ","Cephalopods",NA,16,0,0,NA
"Equatorial Guinea","GNQ","Crustaceans",NA,37,0,0,NA
"Equatorial Guinea","GNQ","Demersal Fish",NA,1858,0,0,NA
"Equatorial Guinea","GNQ","Freshwater Fish",NA,843,0,0,NA
"Equatorial Guinea","GNQ","Moluscs; Other",NA,10,0,0,NA
"Eritrea","ERI","Marine Fish; Other",NA,2,0,0,NA
"Eritrea","ERI","Pelagic Fish",NA,4,0,0,NA
"Eswatini","SWZ","Aquatic Animals; Others",NA,350,0,0,NA
"Eswatini","SWZ","Cephalopods",NA,8,0,0,NA
"Eswatini","SWZ","Crustaceans",NA,19,0,0,NA
"Eswatini","SWZ","Demersal Fish",NA,1122,0,0,NA
"Eswatini","SWZ","Freshwater Fish",NA,115,0,0,NA
"Eswatini","SWZ","Marine Fish; Other",NA,1362,0,0,NA
"Eswatini","SWZ","Moluscs; Other",NA,5,0,0,NA
"Ethiopia","ETH","Aquatic Animals; Others",NA,20,0,0,NA
"Ethiopia","ETH","Cephalopods",NA,1,0,0,NA
"Ethiopia","ETH","Crustaceans",NA,5,0,0,NA
"Ethiopia","ETH","Demersal Fish",NA,2,0,0,NA
"Ethiopia","ETH","Freshwater Fish",NA,66,0,0,NA
"Ethiopia","ETH","Pelagic Fish",NA,989,0,0,NA
"Falkland Is.(Malvinas)","FLK","Crustaceans",NA,1,0,0,NA
"Falkland Is.(Malvinas)","FLK","Pelagic Fish",NA,5,0,0,NA
"Faroe Islands","FRO","Cephalopods",NA,220,0,0,NA
"Fiji","FJI","Cephalopods",NA,168,83,49.4047619047619,NA
"Finland","FIN","Aquatic Animals; Others",NA,20,0,0,NA
"French Polynesia","PYF","Cephalopods",NA,39,0,0,NA
"French Polynesia","PYF","Crustaceans",NA,39,0,0,NA
"Gabon","GAB","Aquatic Animals; Others",NA,1,0,0,NA
"Gabon","GAB","Cephalopods",NA,4,0,0,NA
"Gabon","GAB","Freshwater Fish",NA,896,0,0,NA
"Gabon","GAB","Moluscs; Other",NA,2,0,0,NA
"Georgia","GEO","Aquatic Animals; Others",NA,4,0,0,NA
"Georgia","GEO","Cephalopods",NA,38,0,0,NA
"Georgia","GEO","Crustaceans",NA,93,0,0,NA
"Ghana","GHA","Aquatic Animals; Others",NA,3,0,0,NA
"Greenland","GRL","Aquatic Animals; Others",NA,2,0,0,NA
"Greenland","GRL","Cephalopods",NA,50,0,0,NA
"Grenada","GRD","Aquatic Animals; Others",NA,1.39,0,0,NA
"Grenada","GRD","Freshwater Fish",NA,37.31,0,0,NA
"Guatemala","GTM","Aquatic Animals; Others",NA,2,0,0,NA
"Guatemala","GTM","Cephalopods",NA,226,0,0,NA
"Guatemala","GTM","Moluscs; Other",NA,258,0,0,NA
"Guinea","GIN","Cephalopods",NA,1,0,0,NA
"Guinea","GIN","Moluscs; Other",NA,4,0,0,NA
"Guinea-Bissau","GNB","Freshwater Fish",NA,1,0,0,NA
"Guyana","GUY","Cephalopods",NA,2,0,0,NA
"Haiti","HTI","Cephalopods",NA,2,0,0,NA
"Haiti","HTI","Demersal Fish",NA,1374,0,0,NA
"Haiti","HTI","Pelagic Fish",NA,21676,0,0,NA
"Iraq","IRQ","Aquatic Animals; Others",NA,2,0,0,NA
"Iraq","IRQ","Cephalopods",NA,8,0,0,NA
"Iraq","IRQ","Crustaceans",NA,199,0,0,NA
"Iraq","IRQ","Demersal Fish",NA,23387,0,0,NA
"Iraq","IRQ","Moluscs; Other",NA,103,0,0,NA
"Iraq","IRQ","Pelagic Fish",NA,3333,0,0,NA
"Israel","ISR","Aquatic Animals; Others",NA,149,0,0,NA
"Israel","ISR","Cephalopods",NA,1300,0,0,NA
"Israel","ISR","Demersal Fish",NA,19386,0,0,NA
"Israel","ISR","Moluscs; Other",NA,522,0,0,NA
"Jamaica","JAM","Cephalopods",NA,331,1,0.302114803625378,NA
"Jamaica","JAM","Demersal Fish",NA,219,11,5.02283105022831,NA
"Jordan","JOR","Aquatic Animals; Others",NA,41,0,0,NA
"Jordan","JOR","Cephalopods",NA,84,0,0,NA
"Jordan","JOR","Crustaceans",NA,671,1,0.14903129657228,NA
"Jordan","JOR","Demersal Fish",NA,3453,745,21.5754416449464,NA
"Jordan","JOR","Freshwater Fish",NA,3344,1,0.0299043062200957,NA
"Jordan","JOR","Marine Fish; Other",NA,8564,193,2.25361980382999,NA
"Jordan","JOR","Moluscs; Other",NA,49,0,0,NA
"Jordan","JOR","Pelagic Fish",NA,17799,261,1.46637451542221,NA
"Kazakhstan","KAZ","Cephalopods",NA,214,0,0,NA
"Kiribati","KIR","Cephalopods",NA,8,0,0,NA
"Kiribati","KIR","Crustaceans",NA,1,0,0,NA
"Kiribati","KIR","Demersal Fish",NA,7,0,0,NA
"Kuwait","KWT","Aquatic Animals; Others",NA,36,0,0,NA
"Kuwait","KWT","Cephalopods",NA,148,0,0,NA
"Kuwait","KWT","Demersal Fish",NA,9344,0,0,NA
"Kuwait","KWT","Freshwater Fish",NA,8598,0,0,NA
"Kyrgyzstan","KGZ","Cephalopods",NA,2,0,0,NA
"Kyrgyzstan","KGZ","Crustaceans",NA,1,0,0,NA
"Kyrgyzstan","KGZ","Demersal Fish",NA,547,0,0,NA
"Kyrgyzstan","KGZ","Moluscs; Other",NA,5,0,0,NA
"Kyrgyzstan","KGZ","Pelagic Fish",NA,2866,0,0,NA
"Lao People's Dem. Rep.","LAO","Aquatic Animals; Others",NA,10,0,0,NA
"Lao People's Dem. Rep.","LAO","Crustaceans",NA,21,0,0,NA
"Lao People's Dem. Rep.","LAO","Demersal Fish",NA,18,0,0,NA
"Lao People's Dem. Rep.","LAO","Moluscs; Other",NA,2,0,0,NA
"Lao People's Dem. Rep.","LAO","Pelagic Fish",NA,855,0,0,NA
"Lebanon","LBN","Aquatic Animals; Others",NA,437,0,0,NA
"Lebanon","LBN","Cephalopods",NA,888,0,0,NA
"Lebanon","LBN","Demersal Fish",NA,6463,0,0,NA
"Lebanon","LBN","Moluscs; Other",NA,226,0,0,NA
"Lesotho","LSO","Moluscs; Other",NA,1,0,0,NA
"Libya","LBY","Aquatic Animals; Others",NA,21,0,0,NA
"Libya","LBY","Crustaceans",NA,130,0,0,NA
"Libya","LBY","Freshwater Fish",NA,240,0,0,NA
"Libya","LBY","Moluscs; Other",NA,15,0,0,NA
"Malawi","MWI","Aquatic Animals; Others",NA,4,0,0,NA
"Malawi","MWI","Cephalopods",NA,3,0,0,NA
"Malawi","MWI","Crustaceans",NA,16,0,0,NA
"Malawi","MWI","Demersal Fish",NA,19,0,0,NA
"Malawi","MWI","Moluscs; Other",NA,2,0,0,NA
"Malawi","MWI","Pelagic Fish",NA,588,0,0,NA
"Maldives","MDV","Cephalopods",NA,390,0,0,NA
"Maldives","MDV","Crustaceans",NA,1066,0,0,NA
"Maldives","MDV","Freshwater Fish",NA,201,0,0,NA
"Maldives","MDV","Moluscs; Other",NA,329,0,0,NA
"Mali","MLI","Aquatic Animals; Others",NA,200,0,0,NA
"Mali","MLI","Cephalopods",NA,2,0,0,NA
"Mali","MLI","Crustaceans",NA,71,0,0,NA
"Mali","MLI","Demersal Fish",NA,28425,0,0,NA
"Mali","MLI","Moluscs; Other",NA,493,0,0,NA
"Malta","MLT","Aquatic Animals; Others",NA,8,0,0,NA
"Malta","MLT","Cephalopods",NA,685,0,0,NA
"Malta","MLT","Crustaceans",NA,241,0,0,NA
"Malta","MLT","Freshwater Fish",NA,1406,0,0,NA
"Malta","MLT","Moluscs; Other",NA,363,0,0,NA
"Marshall Islands","MHL","Cephalopods",NA,1,0,0,NA
"Mauritania","MRT","Freshwater Fish",NA,13,0,0,NA
"Mauritius","MUS","Aquatic Animals; Others",NA,19,0,0,NA
"Mauritius","MUS","Crustaceans",NA,1923,0,0,NA
"Micronesia, Fed.States of","FSM","Demersal Fish",NA,2,0,0,NA
"Moldova, Republic of","MDA","Aquatic Animals; Others",NA,8,0,0,NA
"Moldova, Republic of","MDA","Cephalopods",NA,73,0,0,NA
"Moldova, Republic of","MDA","Crustaceans",NA,206,0,0,NA
"Moldova, Republic of","MDA","Freshwater Fish",NA,3411,0,0,NA
"Moldova, Republic of","MDA","Marine Fish; Other",NA,3101,0,0,NA
"Moldova, Republic of","MDA","Moluscs; Other",NA,103,0,0,NA
"Moldova, Republic of","MDA","Pelagic Fish",NA,14525,20,0.137693631669535,NA
"Mongolia","MNG","Cephalopods",NA,11,0,0,NA
"Mongolia","MNG","Crustaceans",NA,16,0,0,NA
"Mongolia","MNG","Demersal Fish",NA,24,0,0,NA
"Mongolia","MNG","Marine Fish; Other",NA,242,0,0,NA
"Mongolia","MNG","Moluscs; Other",NA,1,0,0,NA
"Mongolia","MNG","Pelagic Fish",NA,687,0,0,NA
"Montenegro","MNE","Aquatic Animals; Others",NA,10,0,0,NA
"Montenegro","MNE","Cephalopods",NA,634,0,0,NA
"Montenegro","MNE","Crustaceans",NA,262,0,0,NA
"Montenegro","MNE","Marine Fish; Other",NA,452,0,0,NA
"Montenegro","MNE","Moluscs; Other",NA,107,0,0,NA
"Montenegro","MNE","Pelagic Fish",NA,1365,0,0,NA
"Montserrat","MSR","Cephalopods",NA,1,0,0,NA
"Montserrat","MSR","Crustaceans",NA,3,0,0,NA
"Montserrat","MSR","Freshwater Fish",NA,1,0,0,NA
"Montserrat","MSR","Marine Fish; Other",NA,56,0,0,NA
"Montserrat","MSR","Pelagic Fish",NA,21,0,0,NA
"Namibia","NAM","Aquatic Animals; Others",NA,9,0,0,NA
"Nepal","NPL","Aquatic Animals; Others",NA,199,0,0,NA
"Nepal","NPL","Cephalopods",NA,1,0,0,NA
"Nepal","NPL","Crustaceans",NA,23,0,0,NA
"Nepal","NPL","Demersal Fish",NA,104,0,0,NA
"Nepal","NPL","Freshwater Fish",NA,2255,0,0,NA
"Nepal","NPL","Moluscs; Other",NA,1,0,0,NA
"New Caledonia","NCL","Cephalopods",NA,53,0,0,NA
"New Caledonia","NCL","Demersal Fish",NA,214,0,0,NA
"New Caledonia","NCL","Freshwater Fish",NA,179,0,0,NA
"Nicaragua","NIC","Cephalopods",NA,80,0,0,NA
"Niger","NER","Crustaceans",NA,1,0,0,NA
"Niger","NER","Demersal Fish",NA,2010,0,0,NA
"Niger","NER","Freshwater Fish",NA,3422,0,0,NA
"Nigeria","NGA","Aquatic Animals; Others",NA,103,0,0,NA
"Nigeria","NGA","Cephalopods",NA,1,0,0,NA
"Nigeria","NGA","Freshwater Fish",NA,427,0,0,NA
"Nigeria","NGA","Pelagic Fish",NA,338330,0,0,NA
"North Macedonia","MKD","Moluscs; Other",NA,28,0,0,NA
"Palau","PLW","Cephalopods",NA,28,0,0,NA
"Palau","PLW","Crustaceans",NA,61,0,0,NA
"Palau","PLW","Demersal Fish",NA,9,0,0,NA
"Palau","PLW","Freshwater Fish",NA,113,0,0,NA
"Palestine","PSE","Aquatic Animals; Others",NA,20,0,0,NA
"Palestine","PSE","Demersal Fish",NA,2286,0,0,NA
"Palestine","PSE","Marine Fish; Other",NA,859,0,0,NA
"Papua New Guinea","PNG","Freshwater Fish",NA,841,0,0,NA
"Papua New Guinea","PNG","Moluscs; Other",NA,39,0,0,NA
"Paraguay","PRY","Aquatic Animals; Others",NA,1,0,0,NA
"Paraguay","PRY","Cephalopods",NA,71,0,0,NA
"Paraguay","PRY","Crustaceans",NA,135,0,0,NA
"Paraguay","PRY","Demersal Fish",NA,51,0,0,NA
"Paraguay","PRY","Moluscs; Other",NA,79,0,0,NA
"Paraguay","PRY","Pelagic Fish",NA,1612,0,0,NA
"Qatar","QAT","Cephalopods",NA,245,0,0,NA
"Qatar","QAT","Crustaceans",NA,3584,0,0,NA
"Qatar","QAT","Demersal Fish",NA,9204,0,0,NA
"Qatar","QAT","Freshwater Fish",NA,14303,0,0,NA
"Qatar","QAT","Moluscs; Other",NA,876,0,0,NA
"Qatar","QAT","Pelagic Fish",NA,7033,0,0,NA
"Rwanda","RWA","Crustaceans",NA,1.88,0,0,NA
"Rwanda","RWA","Moluscs; Other",NA,4.03,0,0,NA
"Saint Helena","SHN","Freshwater Fish",NA,2,0,0,NA
"Saint Kitts and Nevis","KNA","Cephalopods",NA,6,0,0,NA
"Saint Kitts and Nevis","KNA","Demersal Fish",NA,7,0,0,NA
"Saint Kitts and Nevis","KNA","Freshwater Fish",NA,37,0,0,NA
"Saint Kitts and Nevis","KNA","Pelagic Fish",NA,58,0,0,NA
"Saint Lucia","LCA","Aquatic Animals; Others",NA,1,0,0,NA
"Saint Lucia","LCA","Cephalopods",NA,22,0,0,NA
"Saint Lucia","LCA","Crustaceans",NA,88,0,0,NA
"Saint Lucia","LCA","Demersal Fish",NA,17,0,0,NA
"Saint Lucia","LCA","Freshwater Fish",NA,110,0,0,NA
"Saint Lucia","LCA","Marine Fish; Other",NA,875,0,0,NA
"Saint Lucia","LCA","Moluscs; Other",NA,43,0,0,NA
"Saint Lucia","LCA","Pelagic Fish",NA,992,0,0,NA
"Saint Vincent/Grenadines","VCT","Cephalopods",NA,2,0,0,NA
"Saint Vincent/Grenadines","VCT","Demersal Fish",NA,30,0,0,NA
"Saint Vincent/Grenadines","VCT","Moluscs; Other",NA,3,0,0,NA
"Saint Vincent/Grenadines","VCT","Pelagic Fish",NA,137,0,0,NA
"Samoa","WSM","Aquatic Animals; Others",NA,20,0,0,NA
"Samoa","WSM","Cephalopods",NA,35,0,0,NA
"Samoa","WSM","Crustaceans",NA,119,0,0,NA
"Samoa","WSM","Moluscs; Other",NA,46,0,0,NA
"Sao Tome and Principe","STP","Crustaceans",NA,6,0,0,NA
"Sao Tome and Principe","STP","Demersal Fish",NA,4,0,0,NA
"Sao Tome and Principe","STP","Moluscs; Other",NA,2,0,0,NA
"Sao Tome and Principe","STP","Pelagic Fish",NA,16,0,0,NA
"Saudi Arabia","SAU","Aquatic Animals; Others",NA,35,0,0,NA
"Seychelles","SYC","Aquatic Animals; Others",NA,1,0,0,NA
"Seychelles","SYC","Cephalopods",NA,238,0,0,NA
"Seychelles","SYC","Crustaceans",NA,304,0,0,NA
"Seychelles","SYC","Freshwater Fish",NA,47,0,0,NA
"Sierra Leone","SLE","Moluscs; Other",NA,1,0,0,NA
"Solomon Islands","SLB","Cephalopods",NA,4,0,0,NA
"Solomon Islands","SLB","Crustaceans",NA,26,0,0,NA
"South Sudan","SSD","Crustaceans",NA,2,0,0,NA
"South Sudan","SSD","Freshwater Fish",NA,2,0,0,NA
"St. Pierre and Miquelon","SPM","Cephalopods",NA,2,0,0,NA
"St. Pierre and Miquelon","SPM","Freshwater Fish",NA,10,0,0,NA
"St. Pierre and Miquelon","SPM","Marine Fish; Other",NA,1,0,0,NA
"St. Pierre and Miquelon","SPM","Pelagic Fish",NA,13,0,0,NA
"Switzerland","CHE","Aquatic Animals; Others",NA,2077,0,0,NA
"Syrian Arab Republic","SYR","Aquatic Animals; Others",NA,28,0,0,NA
"Syrian Arab Republic","SYR","Demersal Fish",NA,545,0,0,NA
"Syrian Arab Republic","SYR","Freshwater Fish",NA,2208,0,0,NA
"Syrian Arab Republic","SYR","Marine Fish; Other",NA,590,0,0,NA
"Tajikistan","TJK","Crustaceans",NA,9,0,0,NA
"Tajikistan","TJK","Demersal Fish",NA,1376,0,0,NA
"Tajikistan","TJK","Freshwater Fish",NA,17,0,0,NA
"Tajikistan","TJK","Marine Fish; Other",NA,78,0,0,NA
"Tajikistan","TJK","Pelagic Fish",NA,1237,0,0,NA
"Timor-Leste","TLS","Aquatic Animals; Others",NA,6,0,0,NA
"Timor-Leste","TLS","Cephalopods",NA,50,0,0,NA
"Timor-Leste","TLS","Crustaceans",NA,70,0,0,NA
"Timor-Leste","TLS","Demersal Fish",NA,8,0,0,NA
"Timor-Leste","TLS","Freshwater Fish",NA,21,0,0,NA
"Timor-Leste","TLS","Marine Fish; Other",NA,718,0,0,NA
"Timor-Leste","TLS","Moluscs; Other",NA,111,0,0,NA
"Timor-Leste","TLS","Pelagic Fish",NA,3462,0,0,NA
"Togo","TGO","Aquatic Animals; Others",NA,1,0,0,NA
"Togo","TGO","Crustaceans",NA,6,0,0,NA
"Togo","TGO","Pelagic Fish",NA,5378,61,1.13425065079955,NA
"Tonga","TON","Cephalopods",NA,71,0,0,NA
"Tonga","TON","Crustaceans",NA,20,0,0,NA
"Trinidad and Tobago","TTO","Moluscs; Other",NA,100,0,0,NA
"Turkmenistan","TKM","Cephalopods",NA,9,0,0,NA
"Turkmenistan","TKM","Crustaceans",NA,3,0,0,NA
"Turkmenistan","TKM","Demersal Fish",NA,46,0,0,NA
"Turkmenistan","TKM","Freshwater Fish",NA,48,0,0,NA
"Turkmenistan","TKM","Marine Fish; Other",NA,30,0,0,NA
"Turkmenistan","TKM","Pelagic Fish",NA,846,0,0,NA
"Turks and Caicos Is.","TCA","Demersal Fish",NA,93,0,0,NA
"Turks and Caicos Is.","TCA","Freshwater Fish",NA,148,0,0,NA
"Turks and Caicos Is.","TCA","Marine Fish; Other",NA,575,0,0,NA
"Turks and Caicos Is.","TCA","Pelagic Fish",NA,81,0,0,NA
"Tuvalu","TUV","Crustaceans",NA,4,0,0,NA
"Tuvalu","TUV","Freshwater Fish",NA,6,0,0,NA
"Uganda","UGA","Aquatic Animals; Others",NA,2,0,0,NA
"Uganda","UGA","Cephalopods",NA,1,0,0,NA
"Uganda","UGA","Crustaceans",NA,38,0,0,NA
"Uganda","UGA","Demersal Fish",NA,2,1,50,NA
"Uganda","UGA","Moluscs; Other",NA,2,0,0,NA
"United Arab Emirates","ARE","Aquatic Animals; Others",NA,278,2534,911.510791366906,NA
"Uruguay","URY","Aquatic Animals; Others",NA,2,0,0,NA
"Uruguay","URY","Moluscs; Other",NA,431,0,0,NA
"Uzbekistan","UZB","Aquatic Animals; Others",NA,175,0,0,NA
"Uzbekistan","UZB","Crustaceans",NA,15,0,0,NA
"Uzbekistan","UZB","Demersal Fish",NA,164,0,0,NA
"Uzbekistan","UZB","Moluscs; Other",NA,2,0,0,NA
"Uzbekistan","UZB","Pelagic Fish",NA,3292,0,0,NA
"Vanuatu","VUT","Crustaceans",NA,6,0,0,NA
"Vanuatu","VUT","Freshwater Fish",NA,14,0,0,NA
"Venezuela, Boliv Rep of","VEN","Cephalopods",NA,452,0,0,NA
"Venezuela, Boliv Rep of","VEN","Moluscs; Other",NA,6,0,0,NA
"Venezuela, Boliv Rep of","VEN","Pelagic Fish",NA,7914,0,0,NA
"Zambia","ZMB","Cephalopods",NA,17,0,0,NA
"Zambia","ZMB","Moluscs; Other",NA,21,0,0,NA
"Zimbabwe","ZWE","Cephalopods",NA,16,0,0,NA
"Zimbabwe","ZWE","Crustaceans",NA,31,0,0,NA
"Zimbabwe","ZWE","Moluscs; Other",NA,5,0,0,NA
